title, detail, address, latitude, longitude, price, time, image
동두천자연휴양림, 2020년 7월 1일 개장한 휴양림으로, 소나무를 바라보며 프라이빗한 휴식을 취할 수 있는 독채펜션 ‘숲속의 집’과 4인~20인까지 숙박이 가능한 콘도 형태의 산림휴양관, 숲 속 감성캠핑을 즐길 수 있는 야외 캠핑장, 숲에 대한 다양한 체험을 해보는 유아숲체험원과 플리마켓, 숲 영화관이 운영될 넓은 잔디광장이 조성되어 있다., 경기도 동두천시 탑동가산로 1, 127.137160403747, 37.8898854795311, 성인 2,000원, 청소년 및 군인 1,500원, 아동 1,000원, 9:00~18:00
※ 매주 월요일 휴무
입실시간 15:00
퇴실시간 11:00, http://postfiles11.naver.net/MjAyMDExMTVfMTQ0/MDAxNjA1NDAyMDQzMjY5.uTc9JUEyNRADCNqBQNH26SVtH6qaf_XBhqXhoaSJWo0g.OTybQkqAj_5cxVmNX5heofhs8LpQ3Z_8r4_kaSmep1Ag.PNG.mom_santa/073abcdf-c37c-454b-a3ed-59c1ffd5a7fd.png?type=w773
한탄강 주상절리길(포천), ※ 수해복구 공사로 폐쇄(~별도 안내시까지)맑고 깨끗한 자태를 뽐내는 한탄강에는 자연의 신비가 느껴지는 특이 지형과 여기 얽힌 이야기들이 흐르고 있다. 특히 포천에서 볼 수 있는 한반도 지형과 하천 침식 작용으로 생긴 멍우리 협곡 등은 주상절리길의 백미다. 한반도 지형과 하천 침식 작용으로 생긴 멍우리 협곡 등 주상절리의 백미를 만날 수 있으며, 구라이길, 가마소길, 벼룻길, 멍우리길 등 총 52km에 이르는 코스 중 한탄강하늘다리와 비둘기낭폭포를 볼 수 있는비둘기낭순환코스(6km)와 협곡을 한눈에 내려다볼 수 있는 벼룻길(6km)이 인기가 높다.- 1코스 : 구라이길 1시간 (4km)- 2코스 : 가마소길 1시간 15분 (5km)- 3코스 : 벼룻길 1시간30분 (6km)- 4코스 : 멍우리길 1시간15분 (5km), 경기도 포천시 영북면, 127.275521116391, 38.0891350316765, , , http://cfile221.uf.daum.net/image/997EDB455D8320F11B6909
여강길(1코스~5코스), 1. 옛나루터길 : 15.3km (5~6시간)여주터미널에서 출발해 ‘달을 맞는 누각''라는 영월루(迎月樓)를 시작으로 남한강(여강)을 볼 수 있는 구간이다. 제방을 쌓기 전 모래에서 은빛이 난다고 해서 은모래금모래라고 부르는 강변유원지를 지난다. 남한강과 연양천과 합수지점에서 복원된 황포돛배를 탈 수 있다. 수운이 발달했던 시대에 정류장인 나루터를 지나는데 이호, 부라우, 우만리나루터를 만난다. 치수를 위해 쌓은 제방, 배수문, 취수장 등을 볼 수 있으며 6.25 전쟁에 참전하였다가 전사한 무어장군을 기념하여 다리이름을 정한 무어장군교(MOORE 將軍橋) 표석도 있다. 강과 바위 어우러진 부라우나루터는 절경이다.2. 세물머리길 : 19.7km (7~8시간)청미천의 여울을 건너 크고 작은 강돌을 밟으며 모랫길을 따라가면 삼합리 대오마을이 나온다. 삼합은 말 그대로 세 곳이 합쳐짐을 이른다. 세 강(남한강, 청미천, 섬강)과 삼 도(강원, 경기, 충청도)가 한 곳에서 만난 것에서 유래되었다고 한다. 대오마을에서는 남한강의 백미로 꼽히는 격조 높은 자산(紫山)의 당당함과 여유로움을 함께 느낄 수 있다.3. 바위늪구비길 : 14km (4~5시간)바위늪구비는 남한강의 물이 늘면서 자연적으로 생긴 늪이다. 강물이 늘면 남한강이 되고 강물이 줄어들면 늪이 된다. 더구나 굳센 바위와 검은 물은 그 깊이를 가늠하기 어렵다. 그곳에 이무기가 산다는 전설을 들으며 자란 마을 사람들은 무서움 때문에 늪의 깊이를 재지는 못했을 것이다. 늪을 따라 고운 모래 길을 걸어가면 자연이 속삭이는 사각거리는 소리를 듣는다. 단양쑥부쟁이가 산다는 척박한 땅을 지나면 고라니와 꿩이 나오는 긴 갈대숲이 길게 나온다. 강 옆에는 드라마 촬영지가 있다.4. 5일장터길 : 12.4km (4~5시간)신륵사를 시작으로 세종대왕릉역 까지 총 12.4km 거리의 코스다. 신륵사는 마암으로 유래된 것으로 치수와 관련이 있는유명한 사찰이며, 신륵사 앞으로는 조선시대 4대 나루였던 조포나루터가 있다. 조선 제4대왕 세종, 조선 제17대왕 효종의 왕릉을 보며 역사속 현장으로 빠져들고, 남한강 여주의 청정 농산물을 판매하는 여주5일장에 들려 사람사는 이야기에 빠져보기에 좋다.5. 황학산길 : 6.5km (3~4시간)여강길 5코스는 여주역에서 시작해서 명성황후생가에서 끝나는 짤막한 코스로  여주 시내에 위치한 황학산을 걷는 코스이다. 황학산수목원은 무료로 개방하고 있고 멸종위기 2급 단양쑥부쟁이를 볼 수 있으며  종점인 명성황후생가에는 여주자활에서 운영하는 소박한 민속촌에서 소소한 볼거리와 푸짐한 먹거리를 만날 수 있다., 경기도 여주시 교동, 127.632057487791, 37.2803107820785, , , http://t1.daumcdn.net/cafeattach/1JQMb/3aedfd6a73f41a559ad38b07a56ecdf408ff84df
잣향기푸른숲, 경기도 잣향기푸른숲은 수령(樹齡) 80년 이상의 잣나무림이 국내 최대로 분포하고 있으며, 피톤치드 가득한 쾌적한 잣나무숲에서 숲체험과 산림치유 프로그램을 복합적으로 체험할 수 있는 특별한 산림휴양 공간이다. 축령산과 서리산 자락 해발 450~600에 위치하고 있는 경기도 잣향기푸른숲은 수령80년 이상의 잣나무가 국내 최대로 분포하고 있는 곳이다., 경기도 가평군 상면 축령로 289-146, 127.336546871138, 37.7707138306814, 어른(19~64세) - 개인 1,000원 / 단체 800원
청소년(13~18세)·군인 - 개인 600원 / 단체 500원
어린이(7~12세) - 개인 300원 / 단체 200원
※ 단체 - 30인이상
※ 무료 - 6세이하, 65세 이상, 경기아이플러스카드 명의자와 동반가족, 「산림문화·휴양에 관한 법률 시행령 제8조 제2항 규정」에 해당하는사람, 09:00~18:00(동절기 17:00까지), http://postfiles5.naver.net/20160106_196/flyskyes1004_14520101258091voFj_JPEG/%C0%E3%C7%E2%B1%E2_%C7%AA%B8%A5%BD%A39.JPG?type=w1
바람새마을 소풍정원, 평택시 고덕면 궁리에 조성된 습지공원인 소풍정원은 자연과 사람이 함께 어우러져 생태를 체험할 수 있는 특별한 공간이다. 소풍정에 올라 아름다운 풍경을 감상하며, 나무데크로 된 소풍산책길을 따라가다 보면 연꽃 습지와 모래 놀이터도 만나 볼 수 있다. 곳곳에 설치된 철새 모양의 솟대를 찾아보는 것 또한 색다른 재미를 더한다. 마지막으로 만나는 철새 정자, 거울연못은 철새와 갈대를 함께 볼 수 있는 곳으로 진위천의 맑은 자연과 함께 할 수 있다., 경기도 평택시 고덕면 궁리, 127.028367551705, 37.0194477415719, 무료
(캠핑존 / 피크닉테이블 이용 유료), , http://postfiles3.naver.net/MjAyMDA5MTRfMTcg/MDAxNjAwMDcyOTA4NTI4.T5Ld-w46s9yWN2WWxAgvr_2wE2Y8rvOra2ODLKCNXYsg.2rXUCvdvPJJf57o2ocbYIHlALri_OOmzgHzhTv-1hzAg.JPEG.nykoolhill/%EA%B2%BD%EA%B8%B0%ED%8F%89%ED%83%9D_%EB%B0%94%EB%9E%8C%EC%83%88%EB%A7%88%EC%9D%84_1.jpeg?type=w773
파주 임진각(평화누리공원), 서울시청에서 북서쪽으로 약 54km 떨어진 임진각은 6.25 전쟁의 비통한 한이 서려 있는 곳이다. 6,000평 대지 위에 지하 1층, 지상 3층의 임진각은 1972년에 북한 실향민을 위해 세워져 지금은 관광명소로 많이 알려져 있다. 이곳에는 평화와 환경의 중요성을 전달하는 경기평화센터가 있다. 또한, 철마는 달리고 싶다(철도중단점), 북한 실향민을 위한 망배단,  미얀마 아웅산 순국외교사절 위령탑, 한국전쟁의 대표 유산으로서 50여년 만에 개방이 된 자유의 다리와 한반도의 지령을 본딴 통일연못, 평화의 종, 미국군 참전기념비 등이 있는 통일안보 관광지이다. 더불어 남북교류 및 화해협력의 장소로 통일관련행사를 많이 치르고 있다. 판문점처럼 복잡한 허가절차를 필요로 하지 않는 관광지로서 경기도내에서 가장 외국인이 많이 찾는 곳이 되었다. 최근 소규모 어린이 놀이시설을 개발하여 바이킹, 미니열차 등을 이용할수 있다.* 평화누리 공원2만 명의 관람객을 수용 할 수 있는 대형 잔디언덕과 수상야외공연장으로 이루어진 자연 친화적 공간으로 대륙과 장르를 넘어선 다양한 공연을 감상할 수 있으며 생명 촛불 파빌리언에서는 지구상의 어린이들이 밝고 건강하게 자랄 수 있도록 도와주는기부프로그램이 운영되고 카페안녕에서는 다양한 차를 마실 수 있다.1) 생명촛불 파빌리온 - 지구상의 어린이들이 밝고 건강하게 자랄 수 있도록 도와주는 기부 프로그램으로서 기부금은 유니세프를 통해 전 세계의 어린이들을 위해 쓰여진다.2) 통일기원 돌무지 - 남북으로 분단된 한반도의 통일을 기원하고 북한 어린이들을 돕기 위한 프로그램으로서 기부자들의 통일에 대한 염원이담긴 메시지가 새겨진 돌판이 돌무지에 쌓이게 된다.3) 글로벌카페 ''안녕'' - 세계 여러 민족으로 다양한 문화적 요소로 꾸며진 글로벌공간으로 행사장을 찾은 관람객들이 다양한 문화를 접하며 편안하게 쉴 수 있도록 구성되어있다.4) 음악의 언덕 - 2만 명의 관람객을 수용할 수 있는 대형 잔디언덕과 수상야외공연장으로 이루어진  자연친화적 공간으로 대륙과  장르를 넘어선 다양한 공연을 감상할 수 있다.* 경기평화센터평화메시지를 전달하고 평화의 중요성을 교육하는 교육의 장으로 갈등과 혼돈의 길, 평화와 통일 등 5개 구역으로 구성되어 있다., 경기도 파주시 문산읍 임진각로 177, 126.740185879932, 37.8895387555879, , , http://cfile288.uf.daum.net/image/99C0DE335D6C6EAF15FD28
행주산성 역사공원, 한강을 직접 만져볼 수 있는 친수공간(빨랫돌머리) 군초소 전망대(행호정), 철책 포토존, 바람개비 언덕을 갖춘 역사공원이다. 생태테마관광 10선으로 선정되어 대덕생태공원~행주산성역사공원~군순찰로~장항습지 18.2km 코스가 생태테마관광 10선으로 지정되어 있다. 8월부터 주4회 1일2회 생태 탐방, 자전거타고 군순찰로 탐방 등의 개별 프로그램을 즐길 수 있다., 경기도 고양시 덕양구 행주외동 140-8, 126.819746183303, 37.5982174934737, 무료, 05:00~22:00, https://t1.daumcdn.net/news/202007/09/fnnewsi/20200709032029722fxha.jpg
시흥 갯골생태공원, 시흥갯골생태공원은 경기도 유일의 내만갯벌과 옛염전의 정취를 느낄 수 있는 아름다운 공원이다. 이 곳에서는 칠면초, 나문재, 퉁퉁마디 등의 염생식물을 관찰할 수 있으며, 붉은발농게, 방게 등을 관찰할 수 있다. 시흥갯골은 아름다운 경관과 생태적 우수성으로 시흥시의 생태환경 1등급 지역이며, 2012년 2월 국가 해양습지보호지역으로 지정되었다., 경기도 시흥시 동서로 287, 126.78125543722, 37.3897909863863, 무료, , http://cfile249.uf.daum.net/image/156A5B034C91A8134EBFD8
평화누리길 1코스 염하강철책길, 경기북부 DMZ 인근 지역은 한국전쟁의 아픈 역사와 온 국민의 통일 염원을 간직한 곳이다. 또한 천혜의 자연경관과 수많은 동식물들의 보금자리이자 구석기시대부터 현대까지 한민족의 유구한 역사 유적을 품고 있는 곳이다. 평화누리길 트레킹 코스는 이 곳 DMZ 인근에 전쟁과 분단의 흔적, 자연생태가 잘 보존된 곳, 역사 유적지를 찾아 김포에서 고양, 파주, 연천까지 논길, 밭길, 둑길, 옛길을 연결해 누구나 언제나 걸을 수 있는 도보 여행길이다.[평화누리길 1코스]평화누리길의 시작점으로 바다건너 강화도를 바라보며 덕포진과 부래도, 염하강을 따라 철책길을 걷는 구간으로 가족과 함께 걷기 좋은 길이다., 경기도 김포시 대곶면 대명리 517-4, 126.539727972088, 37.641380724574, , , https://t1.daumcdn.net/cfile/blog/999535415D04ECB844
곤지암리조트 힐링캠퍼스, 힐링캠퍼스는 사전 상담을 통해 고객 니즈에 맞는 프로그램을 구성하며 다양한 자연 환경 속에서 개인과 조직 힐링을 위한 차별화된 대안을 제시한다. 맑은 공기, 피톤치드와 음이온 등 풍부한 치유물질로 힐링에 적합한 환경을 가지고 있으며, 전문적인 수 치유 시설과 산책로, 객실 식음 등 힐링을 위한 시설들이 있어 체계적인 관리가 가능하다. 효과를 증진시킬 수 있는 모든 프로그램은 개발부터 품질 유지∙관리까지 서울대학교 웰니스 연구팀과 공동으로 기획, 운영 중이다., 경기도 광주시 도척면 도척윗로 278, 127.296374133837, 37.3375066021117, , 09:00~20:00, https://www.smlounge.co.kr/upload/woman/article/202006/thumb/45335-417566-sample.jpg
호미반도 해안둘레길, 호미반도 해안둘레길은 한반도 최동단지역으로 영일만을 끼고 동쪽으로 쭉 뻗은 트레킹로드이다. 서쪽의 동해면과 동쪽의 호미곶면, 구룡포읍, 장기면에 걸쳐 있다. 연오랑세오녀의 터전인 청림 일월(도기야)을 시점으로 호미반도의 해안선을 따라 동해면 도구해변과 선바우길을 지나 구룡소를 거쳐 호미곶 해맞이 광장까지 4개 코스의 25km구간과 해파랑길 13, 14코스로 연결되는 구룡포항, 양포항, 경주와의 경계인 장기면 두원리까지 전체길이는 58km에 달한다. 조선 명종때의 풍수지리학자인 격암 남사고는 한반도를 호랑이가 앞발로 연해주를 할퀴는 형상으로 보았다. 더불어 백두산은 호랑이 머리 중의 코이며, 호미반도는 호랑이 꼬리에 해당하는 천하 명당이라 했다. 고산자 김정호가 대동여지도 작성에 앞서 국토 최동단을 결정하기 위해 호미곶과 죽변 용추곶을 놓고 각각 일곱 번이나 답사를 한 뒤에 호미곶을 최동단으로 정했다고 한다. 또 육당 최남선은 조선상식지리에서 대한십경 중의 하나로 이 호미곶의 일출을 꼽았다.전국에 둘레길이 많지만 바로 옆에 바다가 있고 파도가 치는 해안둘레길은 대한민국에서 호미길 하나뿐이라 자부한다. 왼쪽으로는 끝없이 펼쳐진 푸른 동해바다를 보면서 오른쪽으로는 수놓은 듯 보랏빛 해국이 펼처져 있고 여왕바위, 힌디기 등 아름답고 기묘한 바위를 감상하면서 파도소리에 맞춰 리드미컬하게 걸으면 절로 힐링이 된다. 일출이나 일몰 시간에 떠오르는 해를 보면서 지는 해를 보면서 걸으면 황홀한 광경과 벅찬 감동은 무어라 표현할 길이 없다. 야간에 바다에 어른거리는 달빛을 보면서 걷는 것도 로맨틱해서 버킷리스트에 올릴 만 하다고 감히 말씀드린다. (후레쉬나 헤드랜턴 반드시 지참), 경상북도 포항시 남구 동해면, 129.440175754938, 35.9884807143584, , , https://k.kakaocdn.net/dn/OrsLi/btqAvidxbGS/9MDLTkTaR0tcSF44NerrZ0/img.jpg
금오산 올레길, 금오산 저수지를 따라 걷다 보면 저수지에 비친 아름다운 전경은 금오산의 또 다른 매력을 느낄 수 있다. 길 중간중간 있는 작은 쉼터는 휴식을 취하기에도 좋다., 경상북도 구미시 금오산로 336-44, 128.314856479758, 36.1171907684676, , , http://postfiles7.naver.net/20141121_22/jjjeoqkr_1416541076647RC6i4_JPEG/%C0%FA%B3%E1%BB%EA%C3%A5%C7%CF%B1%E2%C1%C1%C0%BA%B0%F7%B1%B8%B9%CC%B1%DD%BF%C0%BB%EA%BF%C3%B7%B9%B1%E6_%283%29.jpeg?type=w1
낙동강 경천대(경천대 전망대), 깎아지른 절벽과 노송으로 이루어진 절경이 빼어난 곳으로, 하늘이 스스로 내렸다고 해 자천대(自天臺)라고도 한다. 그러나 채득기가 ‘대명천지(大明天地) 숭정일월(崇禎日月)’이란 글을 새긴 뒤 경천대로 바꿔 불렀다. 조선조 이 지역 출신의 선비인 우담 채득기 선생이 지은 정자인 무우정(舞雩亭)이 절벽 위에 위치한다. 경천대는 기우제를 지내는 곳으로도 이용되었으며, 조선시대 장군 정기룡이 하늘에서 내려온 용마를 얻었다는 전설도 전한다. 정기룡이 바위를 파서 말먹이통으로 쓰던 유물이 남아 있다. 상주에서는 선비들의 모임 장소로 유명하여 김상헌과 이식·이만려 등의 문객들이 자주 찾았다고 한다.옥주봉에 있는 전망대에서는 멀리 주흘산(1,106m)과 학가산, 낙동강과 백화산 등을 한눈에 볼 수 있다.경천대 내에는 전망대, 인공폭포, 경천대 어린이랜드, 야영장이 있으며, 노송 숲을 거쳐 전망대에 이르면 시원한 낙동강 물길과 주변 경치를 한눈에 감상할 수 있다. 전망대까지 오르는 울창한 솔숲은 걷는 재미를 느끼게 한다. 절벽위에서 강을 내려다보는 전망이 대단히 멋진 곳으로, 휘어진 소나무 사이로 굽이굽이 흐르는 낙동강과 강변 기암괴석을 볼 수 있다. 전망대로 오르는 등산로는 소나무가 숲을 이루어 삼림욕장으로 알맞다. 인근에 경상북도기념물 제25호로 지정된 전사벌왕릉과 전고령가야왕릉(경북기념물 제26호), 충의사 등 문화재가 많다. 그리고 2001년 가을에는 경천대 남쪽 강가에 MBC 드라마 “상도”의 저자거리 세트장이 들어서서 또하나의 볼거리를 제공하고 있다., 경상북도 상주시 사벌면 삼덕리, 128.236765940578, 36.4487175899555, 무료, , http://t1.daumcdn.net/cfile/tistory/255726505221854B2B
진남교반, 문경은 경상북도 북쪽의 울타리이다. 태백산에서 이어진 대미산, 주흘산, 희양산 같은 고봉들이 충북과 경북의 경계를 이루고 있다. 기암괴석과 깎아지른 듯한 층암절벽이 이어지고 강 위로 철교·구교·신교 등 3개의 교량이 나란히 놓여 있어 자연과 인공의 조화를 이루며, 이 절경으로 경북팔경 중 제1경으로 꼽힌다. 또한 영강의 기암괴석과 원삼국시대의 성으로 추정되는 고모산성, 고부산성이 어우러져 빼어난 경치를 자랑하고 있다.1933년 1월 대구일보사 주최 경상북도 내 명승지 결정에서 1등으로 지정되어 "경북 팔경 중 제1"이라는 비석이 있는 곳이다. 고모산성 아래에 강변 따라 솟아오른 층암 절벽 허리깨를 감아도는 옛 사다리길이 불정역 동변 기슭까지 희미하게 이어져 있는데 이 길이 관갑천 또는 토천이라 한다.현재에는 낙동강 지류인 가은천과 조령천이 영강에 합류하였다가 돌아나가는 지점으로, 아름드리 노송이 우거진 숲 앞으로 넓은 모래사장이 펼쳐지고 주차장·휴게소·인공폭포 등이 마련되어 있어 여름철 휴양지로 사람들이 많이 찾는 곳이다. 영강은 함창읍 동쪽에서 낙동강으로 흘러들어간다. 문경선 철교가 주변 풍치의 멋을 더해주고 있다., 경상북도 문경시 마성면 신현리, 128.131520206678, 36.663577934499, , , http://postfiles16.naver.net/data2/2004/7/16/143/%C1%F8%B3%B2%B1%B3%B9%DD%5B6%5D.jpg?type=w2
벌영리 메타세콰이어길, 벌영리 메타쉐쿼이아 숲길은 개인이 정성스레 심어 기른 메타세쿼이아가 아담한 숲을 이룬다. 입구부터 쭉쭉 뻗은 나무를 바라보면, 모든 일이 잘 풀릴 것 같은 기분이 든다. 측백나무와 편백의 향기는 그 느낌을 더욱 배가 시켜준다. 일반인에게 무료로 개방하고 있어 삼림욕을 즐기며 휴식을 취하기에 매우 좋다., 경상북도 영덕군 영해면, 129.407149054823, 36.5375441430833, , , http://postfiles16.naver.net/20150228_159/lovecomback_1425059854798mn52G_JPEG/%B8%DE%C5%B8%BC%BC%C4%E2%C0%CC%BE%EE%B1%E6006.jpg?type=w1
낙강물길공원, 한국의 지베르니라고 불리는 낙강물길공원은 안동 비밀의 숲이라고도 불린다. 호수를 바라보며 즐기는 혼크닉은 어느 카페 부럽지 않다. 곳곳에 숨어있는 포토존에서 사진을 찍으면 마치 모네가 된 듯한 환상을 가져다준다. 숲속 쉼터를 지나 조금만 더 오르면 안동루로 오르는 계단을 만날 수 있고, 그곳에서는 안동댐을 한눈에 내려다볼 수 있다. , 경상북도 안동시 상아동 423, 128.77094574188, 36.5878612877586, 무료, , https://k.kakaocdn.net/dn/5fepN/btqO7hFcafZ/w1R8VCHptv4nE6Td80fEM1/img.jpg
성주 경산리 성밖숲, 성밖숲 수해를 예방하기 위해 조성된 수해방비림으로 수령이 약 300~500년 정도로 추정되는 천연기념품 왕버들나무가 4-5월이면 연두빛으로 물들이고, 8월이면 야생화 맥문동의 보랏빛으로 장관을 이루는 등 유수한 생태자원이 풍부한 곳이다 . 1999년에 국가지정 천연기념물 제403호로 지정돼 보호 관리되고 있는 성밖숲은 성주군의 대표적인 관광지로써 풍수지리설에 의한 비보임수인 동시에 다양한 역사적 스토리를 간직하고 있는 곳으로, 매년 열리는 성주생명문화축제의 축제 장소로도 이용되고 있다. 또한 주변에는 보기 드문 배치 방법으로 지어진 성주향교와 옛 관아 건물 중 하나인 성산관, 한국 주거사 연구에 중요한 자료인 만산댁, 배리댁이 자리 하고 있어 전통도시로써의 역사자원이 풍부한 곳이기도 하며  성밖숲 주변에 조성된 성밖숲 산책길은 성주읍의 서쪽으로 흐르는 이천변에 조성된 마을 숲 주변의 산책길로써 지역주민과 성밖숲을 찾는 방문객에게 쉼을 누릴 수 있는 또 다른 공간이다., 경상북도 성주군 성주읍 경산리, 128.285515011936, 35.918074507995, , , http://cfile205.uf.daum.net/image/231C773858BFB5FE019436
국립백두대간수목원, 천혜의 자연환경을 간직한 경상북도 봉화군 춘양면에 위치한 국립백두대간수목원은 보전 가치가 높은 식물자원과 전시원, 백두대간의 상징 동물인 백두산호랑이, 세계 최초의 야생 식물종자 영구 저장시설인 시드볼트를 보유하고 있는 아시아 최대 규모의 수목원이다.  백두산부터 지리산까지 1,400km 백두대간은 우리나라 자생식물 33%가 서식하고 있는 중요 생태축이다. 그 중 특산식물 27%, 희귀식물 17%가 있으며 생물다양성을 보존하고 증진시켜 대자연과 인간의 풍요로운 상생을 이끌고자 한다., 경상북도 봉화군 춘양면 춘양로 1501, 128.82996478332, 37.008129323517, [기본]
어른 5,000원 / 청소년 4,000원 / 어린이 3,000원
[단체 20인이상]
어른 4,000원 / 청소년 3,000원 / 어린이 2,000원
[무료]
만 6세 이하, 만 65세 이상, 장애인·국가유공자 등 (자세한 내용은 홈페이지 참고), 하절기(3~10월) 관람시간 09:00~18:00 (17:00 입장마감) 
동절기(11~2월) 관람시간 09:00~17:00 (16:00 입장마감), http://postfiles7.naver.net/20141213_22/jamesha2_1418475537103YD9mq_JPEG/%B9%E9%B5%CE%B4%EB%B0%A3%BC%F6%B8%F1%BF%F8.jpg?type=w1
등기산스카이워크, 등기산 스카이워크는 20m의 높이에 135m의 길이로 조성된 곳으로 그중 57m의 강화유리 바닥 구간은 스릴을 즐기기에 매우 좋다. 또한 탁 트인 풍경은 숨 쉴 틈이 필요할 때 방문하기에 적격이다. 시원한 에메랄드빛 바다와 파도소리는 머리와 가슴을 후련하게 해준다. 개방시간은 9시부터 6시까지 관람이 가능하며, 비나 눈 혹은 강풍이 부는 날에는 오픈하지 않는다., 경상북도 울진군 후포면, 129.439340805341, 36.678493765933, , 3~5월, 9~10월 : 09:00-17:30
6~8월 : 09:00~18:30 
11~2월 : 09:00-17:00, http://postfiles11.naver.net/MjAxODA2MjFfODgg/MDAxNTI5NTg4NDE2NDI2.6oyIEARmTrkTgyYQLn7BxFna9tM21rCn7y6hAsAMVZsg.XdloWLfX0jTP-A8eSQ8xBtitDTnmGij03v7TKeQs5sAg.JPEG.songgs0570/%B5%EE%B1%E2%BB%EA%BD%BA%C4%AB%C0%CC%BF%F6%C5%A9.jpg?type=w2
행남 해안산책로, 도동부두 좌해안을 따라 개설된 산책로가 절경이다. 자연동굴과 골짜기를 연결하는 교량사이로 펼쳐지는 해안비경을 감상할 수 있다. 해안산책로는 행남이라는 마을과 이어진다. 이 마을 어귀에 큰 살구나무 한 그루가 있었다고 해서 행남은 ''살구남''으로도 불려지고 있다. 마을에서 400m 정도의 거리에 있는 행남 등대는 먼 뱃길을 밝혀준다. 해송 사이로 이어지는 등대 오솔길은 가을철에 노란 털머위 꽃이 군락을 이루어 장관을 연출한다. 등대에서는 저동항 절경을 감상할 수 있다.(해안산책로 코스는 왕복 1시간 30분 정도 소요), 경상북도 울릉군 울릉읍 도동리, 130.905149674759, 37.4935801138469, , , http://cfs11.blog.daum.net/image/7/blog/2008/10/11/13/14/48f027b9c46c8&filename=10031003SA500442.JPG
계족산 황톳길, ※ 19_20 한국관광 100선 ※계족산 황톳길은 2006년 임도 총14.5km에 질 좋은 황토 2만여톤을 투입하여 조성한 맨발 트래킹의 명소이다. 한국관광공사에서 선정한 ‘한국관광 100선’, ‘5월에 꼭 가 볼만한 곳’, 여행전문기자들이 뽑은 ‘다시 찾고 싶은 여행지 33선’에 선정, KBS1TV ‘생로병사의 비밀’에서 대표적인 맨발걷기 장소로 소개된 바 있으며, 연간 100만명 이상이 방문하는 대전 대표 관광지이다.또한, 매년 5월 ''계족산맨발축제''를 개최하며 4월~10월까지 다채로운 주말 프로그램을 진행한다. 방문객들은 솔향 가득한 황톳길을 맨발로 걸으며 상쾌한 기운을 몸속 가득 채울 수 있고, 삼국시대부터 내려운 계족산성에서 대전시내 전경도 한눈에 볼 수 있다., 대전광역시 대덕구 장동, 127.443246840143, 36.4056790790613, , 09:00 ~ 24:00, http://t1.daumcdn.net/cfile/tistory/161CDE4E503D953E23
국립대전현충원 보훈둘레길, 대전광역시 유성구 계룡로 1558번지(구 갑동)에 위치했으며, 부지 면적은 322만 2001㎡, 안장 능력은 6만 3250기이다. 한국의 전통미와 현대감각의 조화, 자연경관의 최대 보존, 기존 국립묘지의 미비점 보완, 전 묘역의 호국공원화를 기본 방향으로 잡아 조성하였다.이곳은 조국수호와 국가번영을 위해 고귀한 생명을 나라에 바치신 순국선열과 호국영령이 고이 잠들어 계시는 민족의 성지로서, 1979년에 착공하여 1985년에 완공하였다. 100만평에 달하는 넓은 부지 위에 묘역은 애국지사, 국가유공자, 장병, 경찰관 및 일반묘역으로 조성되어 있으며, 주요 시설물로는 참배를 드리는 현충탑과 현충문이 있고, 영결식과 호국영화 상영을 위한 현충관, 각종 호국사진과 유품을 전시한 호국관 그리고 군 전투장비를 전시한 야외전시장이 있다. 그 밖에 호국분수탑, 홍살문, 천마웅비상, 23개의 호국경구비 등 조형물이 있으며, 한반도 지도모양을 본 떠 만든 자연석 인공연못인 현충지, 정자 그리고 각 묘역 주변에 잘 가꾸어진 휴게시설 등이 아름다운 자연경관을 배경으로 잘 가꾸어져 있다. 또한 보훈 둘레길도 있어 많은 분들이 사색을 하거나 둘레길을 따라 도보여행도 할 수 있는 시민들의 휴식처로도 이용되고 있는 곳이다.보훈둘레길은 현충원 주위를 둘러싼 트레킹길로 산책하기 좋고 총 7가지의 코스를 즐길 수 있어 언택트  여행을 원하는 분들께는 안성맞춤입니다. 둘레길을 걸으면서 호국철도기념관, 소나무숲, 대나무숲, 전망대 등 다양한 볼거리도 즐길 수 있다.* 국립대전현충원 조성 이유 *서울특별시 동작구 동작동(銅雀洞)에 있는 국립현충원의 안장 능력이 한계에 이름에 따라, 1979년 4월 1일 착공해 같은 해 8월 29일 국립묘지관리소 대전분소로 출범하였다. 1985년 국립묘지를 준공한 뒤, 1991년 국립묘지대전관리소 승격을 거쳐 1996년 6월 1일 지금의 국립대전현충원으로 이름을 변경하였다., 대전광역시 유성구 현충원로 251, 127.302603625173, 36.3694495914053, 무료, 하절기(3~10월) 06:00~18:00
동절기(11~2월) 07:00~18:00, https://k.kakaocdn.net/dn/rCuar/btqEGfL2Ulx/xel48tkBpfal5k1xEX8VX1/img.jpg
계룡산 수통골, 도심과 가까우며 사람과 물이 통(通)하는 아름다운 계곡과 수놓은 비단처럼 아름다운 산이 펼쳐지는 계룡산국립공원 수통골지구의 대표 탐방코스. 시화(詩畵)밸리의 낭만에 수통폭포와 계곡이 만들어내는 청량감을 느끼며, 수놓은 비단같이 아름다운 금수봉에 이르는 코스로 대도시에서 가깝고 등산로가 가파르지 않아 가벼운 등산으로 부담 없이 많은 탐방객들이 연중 찾고 있다., 대전광역시 유성구 수통골로 47-3, 127.288560260927, 36.3453200102688, , , http://postfiles16.naver.net/data41/2009/2/2/15/20081116062_nople_nople.jpg?type=w2
장태산자연휴양림, 구역면적은 815,855㎡, 1일 수용인원은 6,000명인 자연휴양으로 1970년대부터 조성된 국내 유일의 메타세쿼이아 숲이 울창하게 형성되어 있어 이국적인 경관과 더불어 가족단위 산림욕을 즐기는 이용객이 즐겨 찾는 휴양림으로유명하다. 장태산 자연휴양림은 전국 최초로 민간인이 조성·운영하여 왔으나, 2002년 2월 대전광역시에서 인수한 후 새롭게 개축하여 2006년 4월 25일부터 개방하게 되었다.자연 상태의 잡목 숲을 배경으로 평지에 고유 수종인 밤나무, 잣나무, 은행나무 등 유실수, 소나무, 두충 등을 계획적으로 조림했고, 미국에서 들여온 메타세쿼이아, 독일 가문비나무 등 외래 수종을 배열하여 독특하게 조성했다. 산 입구 용태울저수지를 지나면서 휴양림이 펼쳐지고 산 정상의 형제바위 위에 있는 전망대에서 낙조를 바라볼 수 있으며 장군봉, 행상바위 등 기암괴석이 보인다.장태산의 천혜의 자연경관과 잘 어우러진 장태산 휴양림은 1991년부터 조성하기 시작해서 지금은 거의 그 기틀을 갖추었으며 현재까지도 활발한 개발을 하고 있다. 그림 같은 호수, 기암괴석 등 주변 경관이 절경이며 질서 있게 조성된 나무들이 많고 길 또한 잘 다듬어져 있어서 산책하기에 좋은 곳이다. 장태산은 대전의 서남쪽에 자리 잡고 있는데, 형제바위 위에 있는 전망대에서 바라보는 붉은 낙조는 산아래 용태울 저수지와 어우러져 가히 형용할 수 없는 장관을 이루어 보는 이들의 감탄을 자아내게 한다.특히 장태산 일대의 울창한 침엽수와 활엽수림 17만여 평은 바쁜 도시생활로 심신이 피로해진 우리에게 활력을 불어넣어 줄 뿐만 아니라 인공으로 조성된 일만여 주가 넘는 메타세쿼이아나무는 이국적인 풍치를 보여줌과 동시에 자못 올곧은 자태가 우리의 마음을 바로잡아주는 느낌이 들 정도다. 장태산은 지금은 휴양지로 개발되어 많은 발전이 이루어졌지만, 예전에는 아주 깊은 산골이었다. 우선 휴양림에 들어서면 노산이은상의 ''나무마을''이라는 시가삼림욕장에 들어선 사람들의 마음을 안온하게 잡아 둔다., 대전광역시 서구 장안로 461, 127.341277658507, 36.2159674164178, 무료, [숙박시설] 당일 15:00~익일 12:00, http://cfile290.uf.daum.net/image/213ECB415623AC652451B7
한밭수목원, 도심 속의 한밭수목원은 정부대전청사와 과학공원의 녹지축을 연계한 전국 최대의 도심 속 인공수목원으로 각종 식물종의 유전자 보존과 청소년들에게 자연체험학습의 장, 시민들에게는 도심 속에서 푸르름을 만끽하며 휴식할 수 있는 공간 제공을 목적으로 조성했다. 한밭수목원의 총 조성면적 387천㎡은 4단계로 구분 연차별로 조성하였으며, 서원(시립미술관 북측)과 남문광장은 2005년 4월 28일 개원하였고, 목련원, 약용식물원, 암석원, 유실수원 등 19개의 테마별 園으로 구성된 동원(평송수련원 북측)은 2009년 5월 9일 개원하였다.* 문의 : 042-270-8452* 개장일 : 하절기(4월~9월) 동원:06시~21시 / 서원:동일 / 열대식물원:09시~18시     동절기(10월~3월) 동원:08시~19시 / 서원:동일 / 열대식물원:09시~18시        ※ 입장은 폐장시간 1시간전까지 가능* 휴무일 : 동원 - 월요일 / 서원 - 화요일 / 열대식물원 - 월요일* 관련 홈페이지 : http://www.daejeon.go.kr/gar/index.do◎이용안내- 이용요금 : 무료- 화장실 : 있음(남녀구분)- 장애인 편의시설 : 장애인화장실 있음(남녀구분) / 장애인주차장 10대- 주차시설 : 있음, 대전광역시 서구 둔산대로 169, 127.388017285001, 36.3664690153972, , , http://imagescdn.gettyimagesbank.com/500/202006/jv12023410.jpg
만인산 자연휴양림, 만인산 자연휴양림은 대전광역시와 충남 금산군 경계로서 대전역에서 17번 국도 17㎞ 지점에 위치해 있다. 주봉인 만인산을 비롯하여 봉수레골, 큰배골, 작은배골 등으로 이루어져 있으며, 조선시대에는 산세가 수려하여 태조대왕과 왕자의 태를 모시기도 하였던 곳이다. 골짜기에는 항상 맑은 물이 흘러 내리고, 활엽수가 울창한 산림을 이루고 있는 도시근교 휴양림으로 자연능선을 이용 가족휴양지구, 청소년지구, 피크닉지구 등으로 나누어져 조성되어 있어 도시민들의 쾌적한 휴식처이다. 만인산휴게소는 1990년도에 민간자본으로 건축된 자연휴양림의 편의 시설로서 건축 당시 전혀 산림훼손을 하지 않고 자연계곡을 그대로 이용 하여 골짜기에 테크시설을 만들고 지상2층, 반지하 1층으로 건축되 었으며, 주골조는 철근콘크리트조로 주재료는 목재로 건축하고 휴게소 앞에는 연못을 조성하여 자연경관과 조화되도록 건축함으로써 전문가 들로부터 우리나라의 휴게소 건축물중 가장 아름답고 훌륭한 건축물 이라는 극찬을 받고 있으며, 지금은 시민들이 여가를 보내기 위하여 즐겨찾는 명소로 정착하고 있다. 곳곳에 휴식용 벤츠, 편안한 쉼터가 설치되어 있어 풍광을 느끼면서 휴식을 취할 수 있으며, 그 중에서도 특히 만인루각은 만인산의 상징적인 휴양 건축물이며, 루정(樓亭)의 대표적 인 건축물로서 이루각의 건축은 서울 북악산 기슭에 있는 세검정(洗劍亭) 건축양식을 취하되 주골조는 철근콘크리트조로 지붕은 목조 와가 2층으로 응용 건축하여 한국 고유의 전통 건축양식의 아름다움을 최대한 살리면서 유지관리를 고려하여 건축되었다.<출처 : 대전관광>, 대전광역시 동구 산내로 106, 127.455110428645, 36.2021796082286, , 하절기(4월~10월) : 09:00 ~ 18:00
동절기(11월~3월) : 09:00 ~ 17:00, http://t1.daumcdn.net/cfile/tistory/99A67B4F5B7A53B80E
뿌리공원, 뿌리공원은 효를 바탕으로 모든 사람들에게 자신의 뿌리를 알게 하여 경로효친 사상을 함양시키고 한겨레의 자손임을 일깨우기 위해 세운 공원으로 대전광역시 중구 침산동 일원 3만 3천여평의 부지에 세계 최초로 성씨를 상징하는 조각품 및 각종 편의시설을 갖추고 효를 주제로 1997년 11월 1일 개장한 테마공원이다. 뿌리공원은 충효사상 및 주인정신을 함양시키는 교육공원이면서 가족 단위의 다양한 이벤트 행사가 마련된 가족친화 공원이며, 또 심신수련, 건전한 청소년 육성의 체육공원이자 천혜의 자연경관을 배경으로 한 도심 속의 자연공원으로서의 특색을 잘 나타내고 있다.자신의 뿌리를 되찾을 수 있는 성씨별 조형물과 사신도 및 12지지를 형상화한 뿌리 깊은 샘물, 각종행사를 할 수 있는 수변무대, 잔디광장과 공원을 한눈에 바라볼 수 있는 전망대, 팔각정자 뿐만 아니라 산림욕장, 자연관찰원 등 다양한 시설이 갖추어져 있다. 주요시설로는 미니모터카 30대(2인용) 및 교통표지판, 보행자신호등이 있는 교통안전교육장과 자연관찰로, 수목원, 산림욕장, 야생초화류단지가 있는 자연관찰원이 있다. 성씨별 조각품설치 및 제막식, 도민친선대회, 어린이날행사, 경노행사, 수화노래공원, 찬양공연장, 애인은 내 친구, 음악연주회 등 다양한 문화행사도 펼쳐지며 팔각정자(자산정), 밤나무단지, 산책로, 수변무대, 분수대, 만성보(라바댐) 등 볼거리가 많은 유익한 공원이다.* 공원 정상에 있는 삼남기념탑 *공원 정상의 삼남기념탑은 공원을 한 눈에 바라볼 수 있는 전망대로서 영.호남, 충청도의 화합과 상부상조를 기원하는 의미의 상징성을 부여한다. 전문조각가가 성씨별 씨족의 유래를 나타낼 수 있는 조형품을 만들었다. 전면에는 조상의 유래, 뒷면에는 작품설명 및 기타 참고 자료가 조각된 성씨별 조각품 136점이 설치되어 독특한 공원 이미지를 전해주고 있다. 공원 중심에는 잔디광장이 조성되어 각종 행사장으로 활용이 가능하며, 잔디광장 주변의 순환도로를 이용한 어린이 교통안전교육장은 유치원생을 대상으로 미니카를 직접 타면서 현장체험을 통한 올바른 교통문화를 습득하는데 도움을 준다. 수변무대와 수변스탠드에서는 야외공연, 각종 문화행사 및 야외결혼식 등 이벤트 행사에 적합하다., 대전광역시 중구 뿌리공원로 79, 127.388300037612, 36.2853804256086, 무료, 하절기(3~10월) 06:00~22:00
동절기(11~2월) 07:00~21:00, http://cfile278.uf.daum.net/image/241F0E41521BFEF9031116
상소동 산림욕장, 상소동산림욕장은 만인산과 식장산 자락 중간지점(대전역에서 금산방향-17번 국도-으로 약10km 지점, 남대전IC에서 약 5km)에 위치해 있으며 가는 길에는 버즘나무 가로수 터널이 아름다움을 더해주고 있다. 자연체험과 휴양을 할 수 있는 각종 시설이 조성되어 있고, 특히 수많은 돌탑이 조성되어 있어 볼거리를 제공하고 있다. 가족이나 연인 등 각계각층에서 가족의 건강이나 여러 가지 염원을 담은 돌탑을 쌓을 수 있는 공간이 있어 뜻깊은 기회를 제공하여 주기도 하고, 봄부터 가을까지 수많은 야생화를 감상할 수 있으며 가벼운 마음으로 찾아와 산책과 등산과 휴양을 즐길 수 있는 곳이다., 대전 동구 상소동 산 1-1, 127.469092578034, 36.2314071522136, 무료, , http://cfile213.uf.daum.net/image/201916164A7EA154659EDB
식장산(식장산 문화공원), 식장산(623.6m)은 대전광역시 동구와 옥천군 군북면, 군서면 등 세 지역에 걸쳐있는 산이다. 대전광역시의 최고봉으로 충남의 최고봉 서대산(904m), 옥천의 최고봉 대성산(705m) 등 인접지역의 명산들과 어깨를 견주며 동구의 남동부를 수놓고 있는 산이다. 대전광역시가 지정한 482만㎡ 규모의 자연생태보전림을 품고 있는 이 산은 78과 187 속 224종 45변종의 식물과 노루, 다람쥐, 살쾡이, 너구리, 박쥐 등 포유류 45종, 조류 100여종, 파충류, 양서류 등이 서식하고 있는 생태의 보고다.식장산 문화공원은 세천공원부터 식장산 해돋이 전망대로 이어지는 생태공원으로 대천 최고의 야경 감상 명소로 꼽히던 식장산 정상부에 문화공원을 조성하였다. 특히 문화공원 내에 지은 전통누각이 운치를 더하고 있으며, 대전 전경을 한번에 조망할 수 있는 전망대도 위치해 있다. 누각과 전망대에서 바라보는 대전의 풍경을 감상하기 위해 남녀노소 많은 시민들이 발걸음을 하고 있다., 대전광역시 동구 세천동 산43-5, 127.480557346825, 36.3023128578871, , , http://www.dtnews24.com/news/photo/201807/519845_152251_5422.jpg
장산 (부산 국가지질공원), 부산의 도심에서 남해 바다를 내려다보며 우뚝 솟아 있는 장산은 그 범위가 넓어 다양한 등산 코스가 만들어져 있다. 해운대 마린시티와 광안대교를 조망하고 있다. 유문암질 화산활동으로 분출된 화산재, 용암, 화쇄류로 이루어진 산으로 다양한 화산암들과 장산폭포, 돌서렁 등의 웅장한 지형이 넘쳐나며 뛰어난 해안도심 경관을 즐길 수 있는 명소이다.장산은 백악기말 칼데라의 잔존구조인 화산함몰체로 한반도 남동부의 화산활동사를 연구하는데 높은 학술적 가치를 지니고 있다. 특히 장산 자락에는 화산암 암벽에서 떨어진 거력들이 산의 경사면을 따라 길게 뻗어있는 암괴류(block stream)를 관찰할 수 있다. 총 아홉 줄기로 나뉘어져 있으며, 각각의 암괴류를 연결한 “재송너덜길”을 통해 남해, 동해 바다의 경치를 즐길 수 있는 명소이다., 부산광역시 해운대구 좌동 1390, 129.168161608462, 35.1810661823479, , 상시, http://db.kookje.co.kr/news2000/photo/2013/1222/20131222.88001081515i3.jpg
황령산, 황령산(荒嶺山)은 부산의 도심을 감싸며 시원하게 뻗어 내린 산맥이 초록의 울창한 숲을 선물처럼 내어준다. 숲길 걷기 좋아하는 등산객들에겐 숲과 바람과 하늘을 내어주고, 야경을 즐기는 관광객들에겐 황홀한 빛의 세계를 선사해 주는 곳이다.또한 부산의 전형적인 도심의 산으로 부산진구, 남구, 수영구의 경계를 이루는 산으로 해발 427m로 금련산맥 중에서 두번째로 높은 산이다. 산역이 그리 넓지않아 2~3시간 정도면 오를 수 있다. 인근주민들 조기등산지로, 아베크족의 데이트코스로 각광을 받아왔던 동편은 남구에 접하고 서편은 부산진구에 접하고 있다. 북서쪽 산기슭에는 양정동, 중앙에 전포동이 자리 잡고 있다. 이 산기슭에 부산시민의 휴식처, 청소년의 수련장이 개장되어 있다. 황령산과 금련산은 망미 연산 양정 전포 대연동 등에서 오를 수 있다. 코스 선택은 교통편을 고려해 편리한 곳으로 결정하면 된다., 부산광역시 남구 황령산로 391-39, 129.082701685016, 35.1578945742613, , 10:00~23:00, http://cfile268.uf.daum.net/image/27327A50540B223A1D01A4
다대포해수욕장, 낙동강과 남해안이 만나 양질의 모래밭을 만든 곳, 일출과 일몰 조망지이다. 대포해수욕장은 자연이 주는 황홀경을 맘껏 즐길 수 있는 기분 좋은 장소이다.다대포 해수욕장의 희고 고운 모래는 오랜 풍화작용 덕에 매우 부드러운 것이 특징이다. 또한 다대포해수욕장은 수심이 얕고 수온이 차지 않아 아이들이 놀기에 적격이다. 최근에는 패들보드나 카이트보딩 등 해양스포츠를 즐기는 사람들로 사시사철 활기가 넘치는 곳이다. 다대포해수욕장에 해변공원과 생태탐방로가 생기고 난 후 이곳을 찾는 사람들이 훨씬 많아졌다. 해수욕장 입구에 드넓은 광장이 펼쳐지고 세계 최대 규모를 자랑하는 꿈의 낙조 분수와 함께 해변공원이 시작된다. 꿈의 낙조분수는 화려한 조명과 음악이 춤을 추는 분수와 어우러져 장관을 연출한다. 4월 말부터 10월까지 정기적으로 펼쳐지는 화려한 분수쇼가 밤의 여행자를 기다리고 있다.<출처 : 비짓부산>, 부산광역시 사하구 몰운대1길 14, 128.968006805962, 35.0463817180617, , 다대포해수욕장: 매일
낙조분수: 매주 화~일(4월 말 ~ 10월), http://tong.visitkorea.or.kr/cms/resource/23/634923_image2_1.jpg
아미르공원, 아미르 공원은 1990년 말 부산항 북항 개발과정의 준설토를 매립하여 조성된 동삼혁신도시 내 공원으로써, 지역개발을 염원하는 주민대표인 ''동삼혁신지구발전대책위원회''의 지속적 관심과 노력으로 2012년 7월 탄생하였다. 영도구 국립해양박물관 옆에 위치한 아미르 공원은 넒은 잔디공간에 탁 트인 바다를 감상할 수 있고, 여름에는 수국이 만개하여 화려한 수국길을 걸을 수 있는 곳이며, 길이 600m, 폭 38m 규모의 공원으로 많은 시민들이 찾는 힐링공간이다., 부산광역시 영도구 동삼동, 129.071639310245, 35.0777484249153, , , http://postfiles14.naver.net/MjAyMDA1MjhfODQg/MDAxNTkwNjU4MzQ2NTQz.vk-jeysAB1yYxFAO9ReNSUGOJp7cfmgi8WrwLYrEFUMg.Gh5OoQ1RpltxmM3tFcNVNeLRnFIP9Q3Zg2vedACvWUsg.JPEG.smile4030903/%EC%95%84%EB%AF%B8%EB%A5%B4.jpg?type=w966
평화공원, 부산 시민들의 대표적인 쉼터 평화공원은 동백나무, 소나무 등 수목 3만 그루를 심어 더욱 푸른 공간으로 탄생시켰다. 공원 한가운데 하늘로 솟구쳐 오르는 분수가있어 여름에는 이곳에서 물놀이를 즐길 수 있고, 밤에는 아름답게 빛나는 분수가를 배경으로 연인과함께 시간을 보내기에 좋다., 부산광역시 남구 신선로447번길 10, 129.099550756155, 35.1252839270136, 무료, 유엔기념공원: 연중무휴(9:00 ~ 18:00 / 동절기 17:00 이후 입장 불가)
유엔평화기념관: 10:00~18:00(매주 월요일 휴관), https://t1.daumcdn.net/news/202010/26/moneyweek/20201026171309861rtxi.jpg
안데르센 동화마을, 부산 기장군 장안읍에 있는 도예 관광 힐링촌에 들어선 안데르센 동화마을은 어린이뿐 아니라 어른들도 아우르는 힐링 체험 공간으로 수많은 동화를 집필해 전 세계 아동들에게 사랑받는 안데르센의 생애와 그의 작품 세계를 한눈에 알 수 있다. 18세기 바로크 양식으로 재현한 안데르센 정원, 아이들과 함께하는 다양한 놀이시설이 있다., 부산광역시 기장군 장안읍 장안로 211, 129.24002880679, 35.3600998092871, 무료, , http://www.jgtimes.com/news/photo/202012/21454_21809_1233.jpg
회동수원지, 회동수원지는 1930년대 말, 가뭄으로 인한 물 부족을 해소하기 위해 조성한 인공저수지다. 경상남도 양산시 원효산 남쪽 계곡에서 발원한 수영강이 철마천과 만나는 부산시 금정구 오륜동과 회동동에 걸쳐 있다. 1964년 상수원 보호구역으로 지정됐던 회동수원지 일대는 45년 만인 지난 2010년 일반에 개방됐다. 부산시 금정구청의 ‘인문학과 함께하는 땅뫼산 소풍여행’은 회동수원지를 따라 조성된 땅뫼산 황토숲길에서 진행된다. 생태의 보고로 불리는 땅뫼산 황토숲길은 상현마을에서 동천교를 잇는 부산갈맷길 8-1구간 가운데 풍광이 가장 아름다운 곳이다. 1km 남짓 이어지는 길은 오르내림 없이 평탄해 누구나 편하게 걸을 수 있다., 부산광역시 금정구 개좌로 147, 129.116618344367, 35.2252082178985, , , https://t1.daumcdn.net/news/201807/28/yonhap/20180728110007647ddyf.jpg
부산 치유의 숲, 영남권 최초로 0부산 기장군 철마면에 ''치유의 숲''이 조성되었으며, 음이온과 피톤치드가 풍부한 자연환경에서 다양한 치유프로그램을 통해 정서 함양과 휴식을 취할 수 있는 곳이다. 부산 치유의 숲은 153ha 규모로 입구 방문자 센터에서 시작되는 중앙 산책로를 왕복하는 시간은 40분정도 소요된다. 다양한 대상에 맞춤한 프로그램을 운영하며, 중앙 산책로를 따라 조성된 숲속 도서관, 마음 나눔터, 숲속 치유마당, 숲속 명상터 소나무풍욕장, 태교숲터에서 이루어진다., 부산광역시 기장군 철마면 철마천로 101, 129.129782897969, 35.2689693795713, , , https://cdn.visitkorea.or.kr/img/call?cmd=VIEW&id=ac093e81-dd66-421c-b705-59443fd66310
구덕야영장, 서대신동 3가 산2-1번지 일원의 구덕야영장은 부지 1만9백여 평의 넓은 공간에 넓은 잔디광장과 야영지 6곳을 비롯한 옥외취사장ㆍ세면장ㆍ주차장 등의 부속시설이 잘 갖추어져 있는 아늑하고 정겨운 곳이다. 휴일이면 많은 가족단위 시민들이 즐겨 찾는 곳이기도 하거니와 기관이나 단체 등의 각종 야외행사장으로도 많이 이용되고 있다. 아름다운 그림과 사진 전시회가 열리기도 하고 숲 속 여기저기선 다람쥐들 뛰노는 모습도 간간이 볼 수 있는 곳이기도 하다. 1997년 6월 14일 개장 이래 이용객은 약 5만여 명에 이른다. 2005년 이후에는 인근의 수원지가 아름다운 호수공원으로 가꾸어지고 야영장의 체육시설 보강 등 각종 시설을 점검ㆍ보완하여 시민들의 휴식공간으로 손색 없는 명소로 자리 잡고 있다., 부산광역시 서구 꽃마을로156번길 109, 129.009693419644, 35.1255499464488, , 13:00 ~ 익일 11:00, http://postfiles11.naver.net/MjAxNzA3MTJfMTEg/MDAxNDk5Nzk4OTc0NjA1.30pm1XbNuSQ1AzGb9QXcXvOoR8YyafUNVt9XafL88aUg.jrHJPeH_ajTxBQfmH7MZ5AWQvNyB1VTzV_ua4VSIa9Qg.JPEG.realcamper/P20170612_102131000_38B5A52D-51C9-4FE4-8A16-8741C41F81AF.JPG?type=w773
대저생태공원, 대저생태공원은 낙동강 우안 대저수문에서부터 김해공항램프까지의 둔치지역으로, 구포대교부터 아래로 낙동강하류 철새도래지(천연기념물 제179호)에 속하는 지역이다. 신덕습지를 비롯한 크고 작은 습지와 수로, 초지, 유채꽃단지, 각종 체육시설이 조성되어 있어 여가와 휴식을 즐길 수 있는 곳이다. 공원의 양쪽끝에 체육시설과 이용편의시설을 배치하고 그 외 지역은 습지와 초지 등으로 조성하였다. 특히 구포대교 아래쪽으로 조성된 유채경관단지(370,000㎡)에서 매년 4월 개최되는 유채꽃축제에는 수많은 관광객들이 방문하는 새로운 명소로 자리잡고 있다., 부산광역시 강서구 공항로 1246, 128.984556072976, 35.2098489215235, 무료, 06:00~21:00, http://cfile273.uf.daum.net/image/1365D14B51760AFC24FC22
아차산, 서울과 구리시에 걸쳐 있는 아차산은 한강과 어우러진 도시 풍경을 즐길 수 있는 명소로, 40분 정도의 등산로를 오르면 정상에서 보이는 잠실부터 남산, 북한산과 도봉산까지 360도 파노라마 영상처럼 펼쳐진 장관이 특징이다. 또한 해발 295.7m의 야트막한 산으로 산세가 험하지 않아 구리와 인근 시민들이 가벼운 산행을 위해 자주 찾는 곳이다. 조선 시대에는 지금의 봉화산을 포함하여 망우리 공동묘지 지역과 용마봉 등의 광범위한 지역 모두 아차산으로 불렸던 것으로 추정된다. 삼국시대, 백제의 도읍이 한강 유역에 있을 때 우뚝 솟은 지형적 특성으로 인해 일찍부터 이 아차산에 흙을 깎고 다시 돌과 흙으로 쌓아 올려 산성을 축조함으로써 고구려의 남하를 막으려는 백제인의 노력이 있었다. 한강을 사이에 두고 맞은 편 남쪽에 있는 풍납동 토성과 함께 중요한 군사적 요지로서 백제의 운명을 좌우하던 곳이기도 하다. 아단성(阿旦城), 아차성(阿且城), 장하성, 광장성 등으로 불리우기도 하여 백제, 신라, 고구려가 한강을 중심으로 공방전을 장기간에 걸쳐 벌였던 것을 짐작할 수 있다., 서울특별시 광진구 영화사로 135, 127.099787737369, 37.5528789703109, 무료, 24시간 개방, http://cfs9.blog.daum.net/image/19/blog/2007/11/30/16/39/474fbe15d75bf&filename=%EC%95%84%EC%B0%A8%EC%82%B0%EC%A7%80%EB%8F%842.jpg
배봉산, 해발 106m의 배봉산에 조성된 배봉산근린공원은 산지형 공원으로 비탈졌으나 무장애 둘레길이 있어 수월하게 오를 수 있는 공원이다. 배봉산근린공원은 걷기에 최적화된 길이다. 보행로 또한 완만한 오르막과 내리막으로 되어있어 걷기만 해도 운동량이 적당하며 중간에 벤치들이 적절하게 배치되어 있어 쉬어가기 좋다. 보행 데크가 잘 정비되어 있어 보행 약자에게도 좋은 산책길이자 운동길이다., 서울특별시 동대문구 전농동, 127.053978285554, 37.5793286114287, , , http://t1.daumcdn.net/news/201612/29/akn/20161229063547749kceq.jpg
북정마을, 성북동에 위치한 마을로서 오래된 골목길의 정취를 즐길 수 있을뿐만 아니라 젊은 예술가들이 모여 살고 있는 곳이다. 한양도성 백악구간 코스에 포함되어 만해 한용운의 유택인 심우장과 연계하여 관광을 할 수 있다., 서울특별시 성북구 성북로23길 132-3, 126.991029127741, 37.5928584792374, , 09:00~18:00 (주민배려 정숙관광 필요), http://postfiles5.naver.net/20160527_276/cyjoke2000_1464298409116xopea_JPEG/%BA%CF%C1%A4%B8%B6%C0%BB_13%28b%29.jpg?type=w1
안산, 무악산으로도 불리며, 정상에서는 평안도에서 올라온 봉화를 연결하여 남산으로 보냈던 봉수대가 위치하고 있다. 안산자락길을 통해 안산도시자연공원과 서대문독립공원, 홍제천 연계하여 관광 할 수 있다., 서울특별시 서대문구 봉원동, 126.946963866133, 37.5725932042941, , , http://img.hidoc.co.kr/content_images/News_L_120102_img_01.jpg
돈의문박물관마을, 돈의문박물관마을은 한양도성 서쪽 성문 안 첫 동네로서의 역사적 가치와 흘러간 근현대 서울의 삶과 기억을 고스란히 품고 서울형 도시재생 방식을 통해 재탄생한 도심 속 마을 단위 역사·문화공간이다.돈의문박물관마을은 이웃한 종로구 교남동 일대와 더불어 2003년 ''돈의문 뉴타운'' 지역으로 선정되면서, 기존의 건물을 모두 허물고 근린공원으로 조성될 계획이었다. 그러나 서울시는 한양도성 서쪽 성문 안 첫 동네로서 새문안 동네의 역사적 가치를 알리고 마을의 삶과 기억이 잘 보존되어 있는 작은 마을 그 자체를 박물관마을로 남겨 서울시민의 역사·문화 자산으로 조성하고자 하였다. 마을 내의 건물은 최대한 살려 리모델링하였으며, 일부 집을 허문 자리에는 넓은 마당을 만들었다. 근현대 건축물 및 도시형 한옥, 100년의 역사를 지닌 골목길 등 정겨운 마을의 모습은 같은 자리에 그대로 남아 많은 시민이 즐기고 체험할 수 있는 새로운 문화의 장으로 재탄생하였다.현재 돈의문박물관마을은 <근현대 100년, 기억의 보관소> 콘셉트로 새롭게 단장을 마치고 시민들을 맞이하고 있다. 40개 동의 기존 건물은 그대로 두면서 본래 조성 취지인 ''살아있는 박물관마을''이라는 정체성을 되살릴 수 있도록 일 년 내내 전시, 체험, 공연, 마켓 등이 열리는 ''참여형'' 공간으로 콘텐츠를 꽉 채워 전면 재정비한 것이 큰 특징이다., 서울특별시 종로구 송월길 14-3, 126.968524936074, 37.5688252109493, , 10:00~19:00, http://postfiles4.naver.net/MjAxOTEwMzFfMjA3/MDAxNTcyNDgyNDk4NDQ3.l7Gw0Qr-v_A2q2St1pjDtjw_gmpXn_qAb313gWeoh-Ug.KEYC9m9R-TXZVLO15WDHOn1TEHLzPrlfBMq4TvqEOh0g.JPEG.hakhyun22/%EB%8F%88%EC%9D%98%EB%AC%B8_%EB%B0%95%EB%AC%BC%EA%B4%80%EB%A7%88%EC%9D%84.jpg?type=w773
국립4.19민주묘지, ※ 코로나바이러스감염증-19 공지사항※ 내용 : 기념관과 봉산소 폐쇄 (2020.11.24 ~ 별도 안내시까지)→ 코로나바이러스감염증-19 여행정보 변동사항 확인하기삼각산(북한산) 기슭의 국립 4.19 묘지는 1960년 3·15 부정선거를 자행한 권력에 맞서다 1960년 4.19 혁명 때에 희생된 224분이 안장되어 있으며 이를 기리는 기념탑이 세워져 있다. 기념탑 중앙에는 의롭게 죽어간 이들을 기리는 탑문이 새겨져 있다. 135,901m²의 묘지 경내에는 소나무와 향나무, 주목과 단풍나무 등으로 아담하게 꾸며져 있으며, 1,652.9m² 규모의 기념관과 영정을 모신 유영봉 안소는 한식 목조건물이 330.58m² 규모로 확장되어 있다. 그 외에 상징문, 민주의 뿌리, 정의의 불꽃 등 조각 작품과 연못이 있으며, 보도블록을 예쁘게 깔아 놓은 산책로와 야외 의자도 있다. 벚꽃이 피는 5월, 공원에서 바라보는 삼각산(북한산)은 어머니 품과 같은 아늑함과 화려함을 동시에 느낄 수 있으며, 일몰의 풍경은 장관이다., 서울특별시 강북구 4.19로8길 17, 127.009071258248, 37.6483906662883, 없음, *묘지
- 여름(3월-10월) 06:00 ~ 18:00
- 겨울(11월-2월) 07:00 ~ 18:00

*기념관 및 유영봉안소
- 여름(3월-10월) 09:30 ~ 17:30
- 겨울(11월-2월) 09:30 ~ 16:30, http://postfiles5.naver.net/MjAxOTExMjdfNDkg/MDAxNTc0ODQwNTMzNjI0.mKSvYaZ5cFPpyqnLij7lYxZtqc5F5D6VyHI41fGAn6cg.vR8xKw71O2QuGwZj8_bSs-9QFX6_8-GJOGPgFzstDcgg.JPEG.hakhyun22/%EA%B5%AD%EB%A6%BD_4.19%EB%AF%BC%EC%A3%BC%EB%AC%98%EC%A7%80111.jpg?type=w773
평화문화진지, 공간재생사업을 통해 군사시설인 옛 대전차 방호시설을 2014년 7월 민간과 행정의 협력을 통해 문화창작공간으로 재탄생시킨 곳이다. 대전차방호시설의 흔적들을 보존한 채 작가들에게 시설 내 공간 및 장비를 지원한다. 이러한 창작지원사업과 지역문화의 활성화를 도모하는 문화예술프로그램 운영하며 공간의 역사를 통해 시민들과 함께 문화를 이어가고자 한다., 서울특별시 도봉구 마들로 932, 127.046812594303, 37.690780138783, , 10시~18시, https://k.kakaocdn.net/dn/W7j0k/btqEjqm5OMt/yByy2XqK979rHxB1y6JDrk/img.jpg
서울함공원, 서울함 공원은 서울시와 자매결연을 맺고 30년간 해양수호의 임무를 수행하고 퇴역한 서울함을 비롯하여, 참수리호, 잠수함 총 3척의 퇴역 군함을 이용하여 조성한 서울시 최초의 함상테마파크다. 원형 그대로를 보존한 3척의 군함은 평소에 볼 수 없던 이색적인 전시와 체험의 공간을 제공하며, 서울 한강공원을 찾는 시민들에게 새로운 볼거리, 즐길거리를 통해 특별한 경험을 선사하고자 한다., 서울특별시 마포구 마포나루길 407, 126.893953718935, 37.555788061662, 성인 : 개인 3,000원 / 단체 2,000원
청소년,군인 : 개인 2,000원 / 단체 1,400원
어린이 : 개인 10,000원 / 단체 700원, 하계(3월~10월)
- 평일 : 10:00 ~ 19:00
- 주말 : 10:00 ~ 20:00

동계(11월~2월)
- 평일 : 10:00 ~ 17:00
- 주말 : 10:00 ~ 18:00
※ 매주 월요일은 휴관, http://postfiles4.naver.net/MjAxOTExMDVfMTE5/MDAxNTcyOTM4MDgzODY5.ipkG5SorzL7lpzrUOgn10X46FzFxaQrQ1xnKZErMNmkg.xcR9UUSEyFgYjeEIJj2S_ehIr2heAFSZR8tj8MF9NLUg.JPEG.hakhyun22/%EC%84%9C%EC%9A%B8%ED%95%A8_%EA%B3%B5%EC%9B%90.jpg?type=w773
양천향교, 양천향교는 서울에 유일하게 남은 향교로, 서울시 기념물 제8호로 지정되어 있는 곳이다. 조선조 태종 12년(1411)에 창건돼 노후된 것을 지난 81년에 전면 복원했다. 건물로는 대성전(大成殿)을 비롯, 명륜당(明倫堂), 전사청(典祀廳), 동재(東齋), 서재(西齋), 내삼문(內三門), 외삼문(外三門)과 부속건물 등 8동이 있다. 현재 양천향교에서는 봄과 가을 2회에 걸쳐 석전(釋奠)을 봉행하고 있으며, 이와 함께 지역주민과 초, 중학생을 대상으로 한문과 서예 및 사군자 등을 가르치는 등 청소년의 인성교육 및 옛 전통문화 재현에 노력하고 있다. 주변의 겸재정선미술관, 궁산땅굴역사전시관 등과 연계 가능하며 서울도보해설관광 양천로 겸재정선 코스에 포함되어 있다., 서울특별시 강서구 양천로47나길 53, 126.839974879323, 37.5728947177042, 무료, 10:00~16:00, http://fimg.hanmail.net/tenth/img/x/s/m/y/1D859/63/427d8e-8092.jpg
서울 몽촌토성, 올림픽공원 내 자리해 있는 몽촌토성은 백제의 토성으로 한강 지류를 끼고 있는 이곳의 자연 지형을 이용, 진흙을 다져 쌓아 성벽을 만들었다. 특히 북벽의 단을 이룬 곳에서 목책을 세웠던 흔적이 발견되어 나무울타리로 방비했음을 알 수가 있다. 올림픽공원 내에 있는 ''몽촌토성''은 백제가 고대국가의 터전을 마련한 한성시대, 즉 3~4세기 때 만들어진 거성의 하나이다. 하남 위례성으로 추정된다. 사적 제 297호로 지정되어 있다. 남한산성에서 뻗어내린 구릉지를 이용하여 외성과 내성으로 중첩된 구조로 지어진 성이다. 성 안에는 몽촌토성에서 발굴된 백제유물(세발토기, 긴 목 항아리, 계란모양 항아리, 원통형 그릇받침 등 생활용구)이 보존 전시되어 있으며, 움집터와 저장구덩이 등을 발굴 당시 모습 그대로 전시되어 있다., 서울특별시 송파구 올림픽로 424, 127.115517876627, 37.5203396980951, 무료, 몽촌토성 05:00 ~ 22:00 (차량출입: 06:00 ~ 22:00)
몽촌역사관 평일/토,일,공휴일 09:00 ~ 18:00, http://tong.visitkorea.or.kr/cms/resource/77/566877_image2_1.jpg
교동도(강화), 교동도는 강화군 북서쪽에 위치한 섬으로 2014년 7월 교동대교의 개통으로 더욱 편리하게 찾을 수 있는 섬이다. 고구려 시대에는 고목근현으로 신라 경덕왕때에는 교동현이라는 지명으로 개칭되었고 고려시대에는 벽란도로 가는 중국 사신들이 머물던 국제교역의 중간 기착지였다.* 대룡시장 : 황해도 연백군에서 피난온 실향민들이 고향에 있는 시장인 연백장을 그대로 본 따서 만든 골목시장이다. 골목 곳곳에는 향수를 불러일으키는 벽화들과 조형물, 오래된 간판의 모습을 그대로 간직하고 있다. 교동이발관, 동산약방 등 오래된 가게 앞에서 사진 찍기, 전설의 마녀 촬영지(거북당) 구경하기, 쌀강정 등 전통 주전부리, 옛날 다방 등 볼 수 있다.* 망향대 : 남북분단 이전에 교동도와 연백군은 같은 생활권으로 왕래가 잦았다. 그러나 6.25전쟁으로 북한의 연백군 등 황해도에서 온 피난민들이 고향으로 돌아가지 못하게 되었고, 1960년에 물길 건너 연백군이 눈앞에 잡힐듯이 보이는 이곳에 실향민들이 비를 세우고 매년 제사를 지내고 있다., 인천광역시 강화군 교동면 교동남로 35, 126.28104964275, 37.7804893804077, , , http://cfile222.uf.daum.net/image/2647A43F53B7DFE3391E80
석모도, 석모도는 강화군 외포항에서 서쪽으로 1.2km 떨어진 섬으로 수도권 시민들에게 휴식처로 널리 알려진 유명한 관광지며,한반도와 강화도 섬을 잇는 강화대교와 초지대교 적분에 아이들과함께 나들이 떠나기 좋은 곳으로 찾는 이들이 많다. 석모도는 면적 42.841km2, 해안선 길이 41.8km이고, 최고점은 상봉산(上峰山, 316m)이다. 해명산(309m), 낙가산(267m), 상봉산(316m) 등 높은 산이 연결되어 있으며, 1,138가구 2,216명의 주민이 살고 있다.* 민머루해변 : 백사장 길이가 1KM인 석모도의 유일한 해변으로 해수욕은 물론 생태계가 잘 보존되어 갯벌체험이 가능하다. 또한 석양이 아름다워서 사진을 찍으려는 사람들도 즐겨 찾는다. 해변가에서 캠핑이 가능하며, 인근에 어류정항, 장구너머항 등이 있어 배를 타고 바다낚시를 즐길 수 있다.* 보문사 : 대한불교조계종 소속 사찰이자 우리나라 3대 관음성지로, 신라선덕여왕 때에 창건되었다고 전해진다. 내부에는 3000불이 모셔져 있으며, 보문사석실, 극락보전 등이 유명하다. 특히 눈썹바위의 마애석불좌상에서 보는 서해의 석양이 일품이다.* 유니아일랜드 : 옛 폐염전 자리 76만제곱미터에 18홀의 골프장인 유니아일랜드는  2019.3.11 개장하여 수도권의 골프인들이 쉽게 찾을 수 있도록 퍼블릭 골프장으로 운영하고 있다.* 해수 온천 :  칼슘, 칼륨, 마그네슘등의 풍부하게 함유되어 있으며, 석양을 바라보며 온천을 즐길 수 있는 석모도 미네랄 온천체험을 할 수 있다. 족욕은 무료다.* 석모도 자연휴양림 : 상봉산자락의 인천유일한 휴양림으로으로 콘도형태인 산림문화휴양관, 통나무 독체형태인 숲속의집, 그리고 수목원으로 구성되어 있다. 나무와 꽃의 이름과 특성을 들려주는 숲 해설 및 목공체험을 할 수 있다., 인천광역시 강화군 삼산면 삼산북로 9, 126.367091635732, 37.6934274463093, , , http://postfiles5.naver.net/MjAxOTEwMTBfMSAg/MDAxNTcwNzEzMjYyMDU0.lnM3q3Ru5M_qX4mkhut_TKf6FcBQtKepghK1vJredjAg.6U1-d5ctevFebvyqybxRHQFPIpKaIYl7JhCxq9Q8edgg.JPEG.chungsyl2001/%EC%84%9D%EB%AA%A8%EB%8F%84.jpg?type=w773
동검도(나들길,캠핑,예술극장), 강화나들길은 총 20개의 코스로 이루어져 있는데, 그 중 강화나들길 8번 코스에 해당하는 강화도 본섬과 연결되어 있다. 거대한 연안 갯벌에 둘러싸인 신비로운 섬으로, 일출과 일몰을 모두 볼수 있다. 면적이 여의도보다 작은 동검도 전체는 캠핑으로 유명한 곳이다. 섬 북동쪽에 자리한 DRFA365예술극장은 1년 365일 예술영화만 상영하는 희귀한 극장으로 유명하다., 인천광역시 강화군 길상면 동검길63번길 60, 126.518388145739, 37.5913095228488, , , http://t1.daumcdn.net/encyclop/m52/ZEzhQekCSiZdh42WAsozyecjcj6mLeOz9ygByWTf
신시모도 (신도ㆍ시도ㆍ모도), 신도, 시도, 모도는 연도교로 이어져 신∙시∙모도 삼형제 섬이라고도 불리며, 세 개의 섬을 한번에 둘러볼 수 있는 색다른 묘미가 있다. 특히, 섬과 섬 사이를 달리는 자전거 여행이 인기를 끌고 있으며, 구봉산, 해당화둘레길, 수기해변, 배미꾸미조각공원 등 각양각색의 매력을 지닌 관광지에서 가족, 연인과 다양한 추억을 만들 수 있다. *신도신도는 섬 주민들의 착하고 신의가 있다는 뜻에서 유래된 섬으로 구봉산이 유명하다. 임도를 따라 등산로가 완만하게 잘 정비되어 있으며 진달래와 벚꽃이 즐비하다. 또한, 구봉정에서는 서해의 풍광이 한눈에 들어오며, 인천공항과 인천 도시의 야경은 특히 아름답다.*시도시도는 산과 바다가 조화롭게 빚어내는 아름다운 경치 때문에 풀하우스, 슬픈연가 등 인기 드라마의 배경이 되었다. 수기해변은 완만하고 넓은 백사장으로 마니산이 지척으로 보이며, 방죽길을 따라 펼쳐진 해당화가 일품이다. 시도는 마니산에서 활을 쏠 때, 그 목표지점이어서 "살섬" 이라 불렀다는 설이 있다. 시∙모도 연도교를 지나 해당화 길을 따라가면 모도의 배미꾸미해변이 나온다. 조각가 이일호의 조각 작품과 바다가 만들어내는 신비로운 분위기 때문에 연인들이 많이 찾는다. *모도모도는 그물에 고기는 올라오지 않고 띠(茅)만 걸린다고 해서 한글로 "띠염"이라 부르던 이름이 한자로 바뀌었다고 한다., 인천광역시 옹진군 북도면, 126.429069369524, 37.5329794642507, , , http://tong.visitkorea.or.kr/cms/resource/03/2024803_image2_1.png
굴업도, 굴업도는 한국의 갈라파고스로 불리며, 떼묻지 않은 신비한 섬이다. 한국인이 꼭 한번은 가봐야 여행지로 격찬을 아끼지 않은 수식어가 딸린 곳으로 매우 아름다운 섬이다. 관광지로는 굴업해변과 선착장이 있으며 인구가 많지 않아서 편의시설이 사실상 거의 없다. 섬 대부분이 산지로 둘러싸여있어서 자연적인 분위기가 강하여 인공적인 시설은 드물거나 없는 편이다. 하지만 덕분에 천혜의 수려한 자연환경이 고스란히 남아있고, 불빛이 적어 여름밤에는 은하수를 고스란히 감상할 수 있어 개머리 언덕을 중심으로 캠핑족들의 발길이 끊이지 않고 있는 곳이다., 인천 옹진군 덕적면 굴업리, 125.984014326028, 37.1919774260773, , , http://postfiles8.naver.net/20100615_23/marado1218_1276586788150YbvoU_jpg/%EA%B5%B4%EC%97%85%EB%8F%8411_marado1218.jpg?type=w2
소이작도, *이작도 : 이작도는 대이작도와 소이작도로 되어 있는데 이태리 ‘이’(伊)자에 지을 ‘작’(作)자를 쓰는데 옛날에 해적들이 이 섬에 숨어 살았다고 하여 이적도라 불렀다고 한다. 산과 바다, 풀등이 어우러진 곳이다. *풀등 : 부아산 정상에서 보는 푸른 바다와 썰물때만 나타나는 바다 위 신기루 풀등은 대이작도의 백미이다. 소이작도 근처까지 약 30만평의 거대한 모래벌판이 나타나면 마치 해신의 마술쇼를 보는 듯 하다. 풀치라고도 불리는 모래섬으로 하루 약 6시간 정도 썰물때만 그 모습을 드러내고 순식간에 사라지기에, 시간을 맞춰야만 볼 수 있는 곳이다. *소이작도 갯티길(4코스) : 산과 바다를 모두 지나는 트레킹 코스로 마을 곳곳을 둘러볼 수 있고, 여행자센터와 함께 갯티길이 조성되고 있다., 인천광역시 옹진군 자월면 이작리, 126.249765486167, 37.1768136202985, , , http://cfile255.uf.daum.net/image/18290A0C4C87A588798725
선녀바위, 용유도 남쪽 거잠포에서 마시안해변을 지나 선녀바위와 을왕리/왕산해변까지 이어지는 수도권에서 가까운 해변이 있는 곳이다. 그 중 선녀바위는 선녀가 무지개를 타고 내려와 놀았다고 해서 이름붙여졌다고 한다. 뾰족한 바위가 바다의 풍광과 잘 어우러지고 바위로 잔잔하게 부서지는 파도가 일품이라 이곳의 풍경을 캔버스 위의 수채화로 담기 위하여 사생지로도 많이 이용되고 또, 어둠이 깔리는 해질녘 검은 바위 너머로 붉게 물드는 낙조를 감상하기 위해 찾아오는 관광객 또한 많다.  선녀바위 뒷편에 있는 작은 선착장에는 아담하고 낡은 고깃배와 어부들이 조용한 시골 어촌의 소박하고 멋스러운 풍경을 연출한다. 이 곳은 을왕리나 왕산 해수욕장에 비해 한적하게 해수욕과 캠핑을 즐기기에 좋다.선녀바위 윗쪽으로 난 골목을 따라 언덕 위로 올라가면 언덕 끝에 예쁜 까페가 있어, 조용히 차를 마시며 까페 창가에 앉거나 야외테라스에서 바라보는 바다의 절경이 일품이다. 또, 까페의 뒤에는 바다가 바라보이는 정원이 있어 소나무 사이로 감상하는 일몰 또한 아름답다., 인천광역시 중구 을왕동, 126.384466787896, 37.4479934956556, 없음, , http://postfiles3.naver.net/20160404_194/sttys_1459734750636CUUKH_JPEG/%BF%B5%C1%BE%B5%B5_%BC%B1%B3%E0%B9%D9%C0%A7_%2812%29.jpg?type=w773
송도 센트럴파크, ※ 19_20 한국관광 100선 ※송도국제도시의 핵심지구인 국제업부단지 내 첨단업무지구와 주거단지 가운데 위치한 송도 센트럴파크는 도시의 열섬현상을 막고 빗물을 효율적으로 재활용 할 수 있는 최신공법으로 조성되었다. 우리나라 최초로 해수를 끌어와 수상공원을 조성하였으며, 수상택시도 운행을 한다. 주변에 특급호텔들이 있으며, 근거리에 쇼핑몰도 있어 휴양관광지로 각광받고 있다.*송도 센트럴파크 수상체험 : 송도 센트럴파크 동쪽과 서쪽 끝에 있는 보트하우스에서 수상보트, 카약, 수상택시 등 수상액티비티를 즐길 수 있다. 센트럴파크를 가로지르며, 트라이볼, G타워, 오션스코프 등 주변을 둘러보기에도 좋다. *솔찬공원 : 갯벌 매립지에 조성된 송도에서 유일하게 해안가에 접해있는 솔찬공원. 바다를 품은 도시에 걸맞는 수변 휴식공간으로 시원한 바닷바람을 맞으며 일몰 보거나 밤 나들이 하기에 좋다., 인천광역시 연수구 컨벤시아대로 160, 126.643567943892, 37.3903650818207, 무료, 평일 10:00 - 19:00 
주말 10:00 - 21:00, http://postfiles13.naver.net/20150911_140/esilvia_1441956202648NeR3w_JPEG/%BC%DB%B5%B5%B0%A1%BA%BC%B8%B8%C7%D1%B0%F7_%C0%CE%C3%B5%BF%A9%C7%E0_%BC%DB%B5%B5%BC%BE%C6%AE%B7%B2%C6%C4%C5%A9_%BC%BE%C6%AE%B7%B2%C6%C4%C5%A9%B0%F8%BF%F8_%C0%CE%C3%B5%BC%DB%B5%B5%BC%BE%C6%AE%B7%B2%C6%C4%C5%A9_%BC%BE%C6%AE%B7%B2%C6%C4%C5%A9_20150911-DPP_111.JPG?type=w1
계양산 둘레길, 계양산은 해발 395m의 인천을 대표하는 산으로, 봄이면 진달래가, 가을이면 단풍이 멋스럽다. 수도권의 많은 등산객이 찾는 곳으로 숲 탐방로, 치유의 숲, 장미원 등이 있다. 계양산 둘레길은 트레킹하기 좋은 숲길로 둘레길을 따라 걷기가 수월하다. 산의 위치상 서쪽으로는 영종도와 강화도가, 북쪽으로는 고양시, 남쪽으로는 인천시가 한눈에 들어온다. 산 정상에서 도시와 바다, 논밭을 동시에 감상할 수 있는 것은 계양산이 지니고 있는 가장 큰 매력이다.주변관광지 : 계양꽃마루는 봄 유채꽃과 가을 코스모스 즐기기 좋은 힐링 스팟이다., 인천광역시 계양구 다남동 산65-1, 126.716007051565, 37.5601847233164, , , http://t1.daumcdn.net/cfile/tistory/994AF5505EB947AF05
경인 아라뱃길, 아라뱃길은 한강 하류에서 서해바다까지 이어진 18km의 물길로 2012년 개통된 국내 최초의 내륙운하이다. 홍수시 아라뱃길 인근 지역의 홍수량을 재빨리 서해 바다로 배제시키는 치수기능,  선박을 통한 물류수송, 친수공간을 활용한 다양한 관광레저 기능을 제공하기 위해 건설되었다. 최초의 경인 아라뱃길 개척시도는 800여 년 전인 고려 고종 때 시작되었다. 당시 각 지방에서 거둔 조세를 중앙정부로 운송하던 조운(漕運) 항로는 김포와 강화도 사이의 바닷길을 거쳐 경창으로 들어가는 항로였으나, 강화도 바닷길은 만조 때만 운항이 가능했고 뱃길이 매우 험했다고 한다. 이에 안정적인 조운항로를 개척하기 위해 당시 실권자인 최충헌의 아들 최이는 인천 앞바다와 한강을 직접 연결하는 우리 역사상 최초의 운하를 시도하였지만, 원통현(현재 인천 원통이 고개) 400m 구간의 암석층을 뚫지 못해 결국 운하건설 시도는 실패로 끝나고 말았다.그 이후로도 간헐적으로 운하건설이 계속 추진되었으나, 인력과 기술의 한계로 좌절되거나 급격한 도시화와 지역개발등으로 운하건설이 이루어지지 못하였다. 그러다 ''87년 굴포천 유역의 대홍수로 큰 인명과 재산피해가 발생하자 방수로를 신설하여 홍수량 일부를 서해로 방류하는 내용의 굴포천 치수대책을 수립하게 되었다. 이후 방수로 시작점(굴포천유역)에서 한강까지 4km 구간을 조금만 더 연결해주면 홍수대비뿐 아니라 평상시에도 운하로 활용할 수 있음을 고려하여 ''95년도부터는 홍수방지를 위한 방수로와 평상시 운하로 기능할 수 있는 경인운하 사업을 검토 추진하게 되었다. 이 후 오랜기간 동안 경인운하 사업계획 및 타당성에 대한 재검토 끝에 ''09년 드디어 첫 삽을 뜨게 되었고, ''12년 마침내 국민들 앞에 경인아라뱃길이 탄생하게 되었다. , 인천광역시 서구 정서진1로 41, 126.607464374472, 37.5584360318977, , , http://cfile277.uf.daum.net/image/99F221375E1E727E17778F
서건도, 조수간만의 차에 의해 한달에 10차례에 걸쳐 앞바다가 갈라지는 제주판 ''모세의 기적'', 서귀포시 서건도(일명 써근섬)로 알려진 유명한 섬이다.이 바다 갈라짐 현상은 보름이나 그믐에 규모가 특히 크며 5월 26일, 28일, 9월 7일, 11월 5일, 8일, 12월 3일, 7일의 사리기간에 가장 두드러지게 나타난다. 바다가 갈라지게 되면 좌우 10m 이상 넓어진 갯벌이 드러나 한꺼번에 많은 사람들이 서건도를 왕래하면서 신비감을 맛볼 수 있다. 서건도는 수중화산으로 섬 자체만으로도 귀중한 가치를 갖는데 고고유물까지 발굴된 적이 있어 앞으로 테마관광지로 각광받을 전망이다.면적은 13,367㎡이며, 육지와의 거리는 300m이고, 제주월드컵경기장 인근해안(강정동)에 위치하고 있다. 바닷물이 갈라지면 서귀포 해안에서 걸어서 들어갈수 있는 섬으로도 유명, 해안에서 섬까지 걸어가는 동안 조개와 낙지 등을 잡는 재미로 체험관광객들의 발길이 잦은 서건도는 기원전 1세기경의 것으로 추정되는 토기파편과 동물뼈, 주거흔적 등이 발견돼 고고학계의 관심을 끌기도 했다., 제주특별자치도 서귀포시 강정동, 126.495791784346, 33.2649196223104, 무료, , http://blogfiles5.naver.net/20151011_200/gamsanri_14445692400623XEUv_JPEG/%BC%AD%B0%C7%B5%B5%28%BD%E2%C0%BA%BC%B6%29_108.jpg
거문오름 [세계자연유산], 화구 중심으로부터 유출된 용암류의 침식계곡은 도내 최대 규모로서 전방으로 유선형의 골짜기를 이루며 약 4km 정도 연속되어 나타난다. 오름 동남쪽의 목장지에는 화구 없는 화산체인 용암암설류의 원뿔꼴 언덕들이 집중 분포구좌읍 송당리에 있는 거미오름을 일명 동검은오름이라고 하는데, 이는 이오름(서검은오름)과 구별하기 위한 호칭이라고 한다. 지역주민들 사이에는 분화구의 별칭으로 거물창(거멀창) 이라고 불리기도 하고, 숲으로 덮여 검게 보인다 하여 검은오름이라 부르고 있으나, 학자들의 어원적 해석으로는 `검은`은 神이란 뜻의 고조선 시대의 ` ·감·검`에 뿌리를 두는 것으로 풀이하고 있다. 즉 `검은오름`은 `신령스런 산`이라는 뜻이다. 해송, 삼나무, 측백나무가 조림되어 있고, 울창한 숲을 이룬다.* 해발 456m의 복합형화산체인 거문오름으로부터 흘러나온 용암류가 지형경사를 따라 북동쪽의 방향으로 해안선까지 도달하면서 20여 개의 동굴 무리를 이루고 있는데, 용암동굴계 중에서 벵뒤굴, 만장굴, 김녕굴, 용천동굴, 그리고 당처물동굴은 세계자연유산으로 지정되었다.※ 복합형 화산체 - 산정부에는 커다란 화구가 깊게 패어 있고, 그 안에 자그만 봉우리가 솟아올라 있으면서 북동쪽으로 크게 터진 말굽형 화구 등으로 이루어진다.* 표고 456.6m / 비고 112m / 둘레 4,551m  / 면적  809,860㎡  / 저경 1,188m, 제주특별자치도 제주시 조천읍 선교로 569-36, 126.714752055141, 33.4569198735739, [거문오름 탐방]
개인 - 어른 2,000원 / 청소년,군인 1,000원 / 어린이 1,000원
단체 (10인 이상) - 어른 1,600원 / 청소년,군인 800원 / 어린이 800원

[제주세계자연유산센터]
개인 - 어른 3,000원 / 청소년,군인 2,000원 / 어린이 2,000원
단체 - 어른 2,400원 / 청소년,군인 1,600원 / 어린이 1,600원

※ 관람료 면제국빈·외교사절단 및 그 수행·공무수행자 / 6세 이하, 65세 이상인 자 / 국민기초생활수급자, 장애인, 4·3 희생자 및 그 유족 / 국가, 독립, 5.18 민주유공자 및 그 유족, 참전유공자 / 제주특별자치도 명예도민과 그 배우자 및 직계존비속 / 제주특별자치도민, 재외도민증 소지자 , 탐방시간 09:00 ~ 13:00 (출발시간 기준), http://tong.visitkorea.or.kr/cms/resource/25/656725_image2_1.jpg
휴림, 숲속쉼터 휴림은 제주시 산림조합이 조성하여 2017년 개장한 에코힐링파크로 남녀노소 온가족이 함께 즐길 수 있는 숲속 체험을 제공한다.양묘체험, 임산물 생산체험, 숲속캠핑/ 글램핑/ 카라반 등을 체험할 수 있으며, 유치원 등의 단체가 이용할 수 있는 유아숲속 놀이터를 운영하고 있다.산림부산물인 편백 톱밥을 활용한 톱밥효소 찜질 체험장도 있어 숲이 주는 자연치유력과 힐링을 느끼는 느긋함도 가져볼 수 있다. 그 밖에 꽃말을 이용한 식물을 식재해서 기념품을 가져갈수 있는 story tree체험, 기념식수를 식재하여 1년 후 가져가거나 지역 사회에 기증할수 있는 meet tree 체험, 목공을 이용해 생활소품을 만드는 DIY체험도 진행하고 있다. 자세한 체험 내용 및 캠핑예약은 휴림 홈페이지에서 가능하다., 제주특별자치도 제주시 애월읍 광령남서길 40, 126.428787959221, 33.4437798639377, , 하절기(3~9월) : 09:00~19:00
동절기(10~2월) : 09:00~18:00
입장마감 : 폐장 1시간전, 일몰시간에따라 변동가능, https://t1.daumcdn.net/news/202010/07/mk/20201007091521258pqqs.jpg
물영아리 오름, 제주도에는 항상 물이 마르지 않는 화구호(화산 분화구가 막혀 물이 고여 만들어진 호수)를 가진 오름이 10여 개 있는데, 물영아리오름은 이 중 하나이다. 물영아리오름습지는 제주도에서는 2000년에 최초로 환경부 습지보호지역으로 지정되었다. 2006년 10월 18일에 우리나라에서는 5번째, 제주도에서는 첫 번째로 람사르습지에 등록되었다. 등록면적은 309,000㎡이다.* 문의 : 064-728-6200* 관련 홈페이지 : https://www.visitjeju.net◎이용안내- 이용요금 : 탐방로 무료- 화장실 : 있음(남녀구분)- 주차시설 : 있음, 제주특별자치도 서귀포시 남원읍 남조로 988-11, 126.692962246783, 33.3612712046496, , , http://cfile262.uf.daum.net/image/2148194E53B0BB8515159F
고살리 숲길, 고살리는 계곡에 샘을 이룬 터와 주변을 말하며 연중 물이 고이고 흐르는 곳으로서 하례 2리 마을의 상징이기도 하다. 제주도 남단에 위치한 남원읍 하례 2리는 지난 2013년 환경부 지정 자연생태우수 마을로 추가 지정된 곳이다. 자연환경과 생태가 잘 보존이 된 곳임을 입증하였고, 이를 인정받은 것이다. 한라산 남쪽의 첫 마을인 하례 2리에는 고살리라 부르는 샘이 있으며 이곳을 출발로 생태 하천 옆을 지나는 자연 탐방로가 만들어져 있다. 바로, 제주 곶자왈 숲을 온전히 보여주는 고살리 숲길이다. 촉촉한 제주의 속살을 온몸으로 느낄 수 있는 곳이지만 일반 사람들에게 많이 알려지지 않아 조용하고 여유로운 산책을 즐길 수 있는 숲길이다. 난대림의 상록수가 주를 이루고, 다양한 식물이 함께 자라고 있는 이곳은 사람의 손길이 닿지 않아 자연 그대로의 모습을 그대로 간직하고 있다. 그만큼 길이 평탄치 않고 고르지 않으니 조심히 걸어야 한다는 점 참고하자. 또한 마을 주민들의 삶과 자연이 살아가는 이야기를 들을 수 있는 하례리 생태관광 프로그램으로 고살리 숲길 트레킹을 무료로 진행하고 있다. 오전 10시, 오후 2시 두 타임으로 진행되는 고살리 숲길 트레킹의 홈페이지 사전 신청은 필수. 편도 2.1km의 이 숲길은 쉬지 않고 꼬닥꼬닥 걷다 보면 왕복 두 시간 정도가 소요된다. 또한 고살리숲길에서 빼놓을 수 없는 사진 포인트로 사시사철 물이 고여 있는 속괴를 놓치지 말고 담아가는 것이 좋다., 제주특별자치도 서귀포시 남원읍, 126.720665667691, 33.2798847892306, , , http://cfile249.uf.daum.net/image/2378543E57BD3E7528AE5A
신풍리 밭담길, 제주의 자연 풍광에 농촌체험을 더하는 팜스테이도 꾸준하게 발전 중이다. 도내 팜스테이 마을 중 한 곳인 신풍리는 마을로 향하는 길부터 예술인 데다 고망낚시체험, 돌담쌓기와 집줄놓기 등 제주 문화 중에도 전통이 살아있는 독특한 체험이 가능하고 마을 농산물을 이용한 손두부나 낭푼비빔밥도 맛볼 수 있다. 이 모든 것은 마을 사람들이 뜻을 모은 결과. 뿐만 아니라 세계중요농업유산인 밭담에, 4.3당시 쌓아 올린 마을성담, 포제단과 전설품은 연못들까지, 흥미로운 이야기가 끊이지 않는다. 언제든 자식들이 찾아올 수 있게 방을 비워두는 부모님처럼, 언제 손님이 와도 묵을 수 있는 게스트 하우스를 마련한 어멍아방잔치마을의 따뜻하고 넉넉한 인심이 가을로 가는 길목을 더 풍성하게 만들어 줄 것이다., 제주특별자치도 서귀포시 성산읍 신풍하동로 39, 126.840548960409, 33.3618881876801, , 마을해설사 운영
(세부사항은 사전문의 필수), http://www.travie.com/news/photo/202008/21564_8581_261.jpg
북촌리 4.3길, 북촌리는 조천면의 동쪽 끝에 자리 잡은 해변마을이다. 국민학교를 중심으로 마을이 형성됐지만 서우봉과 접해 ''해동''이라는 마을이 서쪽에, 또 산간 선흘리 방향으로 ''억수동''이란 마을이 흩어져 있기도 했었다. 북촌리는 일제시대에는 항일운동가가 많았고 해방 후에는 자치조직이 활성화 됐던 곳이기도 하다.  1949년 1월 17일, 세계사적으로도 유래를 찾아볼 수 없는 대규모 민간인학살이 북촌리에서 자행되어 북촌주민 3백여명이 희생 당하는 등 북촌마을은 제주 4.3사건의 최대의 피래마을 중 하나이다. 오랜 설촌 역사와 수려한 자연과 문화를 지닌 북촌마을은 4.3 당시 제주도민이 겪은 통한의 역사현장을 국민이 공감할 수있는 역사 교육현장으로 조성, 인권과 평화의 소중함, 아름자운 제주도와 4.3역사를 올바르게 인식할 수 있는 곳이다. 북촌리 4.3길의 출발/도착 지점인 너븐숭이 4.3기념관에서 4.3길 해설을 신청할 수 있다., 제주특별자치도 제주시 조천읍 북촌3길 3, 126.688656387157, 33.5460149487699, , , http://t1.daumcdn.net/encyclop/m52/uqLw9HWBbXyp1gQZXPR7SyzMJIHBZhZSC8dZy29m
천아숲길(한라산둘레길), 천아숲길은 돌오름에서 천아수원지까지 10.9km의 구간으로, 중간에 돌오름, 노로오름, 천아오름 등이 분포하고 있다. 숲길을 들어가는 초입에서 천아계곡에 맞딱뜨리는데, 가을에는 이 계곡의 단풍이 빼어나게 아름다워 많은 이들이 단풍구경을 하기 위해 찾는다. 숲길은 이 계곡을 건너야 하기 때문에 우천 후 2일간은 안정상의 이유로 입산이 통제된다.천아수원지에서 계곡 코앞까지 차량의 진입이 가능하나, 진입로 자체가 훌륭한 산책로여서 차가 있다면 천아수원지 입구에 주차하고 걸어가는 것이 좋다. 천아수원지부터 돌오름까지는 임도삼거리, 노로오름, 표고재배장 등을 거쳐서 가게 되는데 약 3시간 40분이 소요된다. 왕복 거리가 상당함으로 편도 여행객은 버스를 타고 이동하는 것을 추천한다. 숲길 자체는 약간 난이도가 있어서 운동화나 등산화를 신는 것이 좋다., 제주특별자치도 제주시 애월읍 산록서로 678-207, 126.444810190867, 33.3956228392566, , , https://k.kakaocdn.net/dn/bPj0xU/btqNcEWjes8/MaQ7XwZkNHVOUJ3Ack5Ou0/img.jpg
무릉 자전거 도로(환상자전거길 3구간), 제주환상자전거길은 해안선을 따라 다니면서 바다의 푸르름과, 화산섬 빌레의 밝은 검은 빛, 수풀의 녹색이 만나 어우러지는 아름다운 모습을 관찰할 수 있다. 특히 해거름마을공원에서부터 송악산까지 이어지는 환상자전거길 3구간은 제주 소규모 어항 중에 가장 핫플레이스인 판포포구, 해상풍차로 해안도로의 아름다움을 더한 신창풍차해안도로, 제주 대표 일몰의 명소 수월봉, 차귀도, 만남의 즐거움을 가진 대정오일시장, 고즈넉한 여유를 가진 송악산까지 다양한 제주의 아름다움을 만나고 즐길 수 있는 코스이다. 자전거를 타도 달리다보면 어느샌가 고민은 잊고 자유를 느낄 수 있는 제주 최고의 코스로 추천할 수 있다. 또한, 다른지역보다 차량 통행량이 적어 제주에서 라이딩을 즐기고자 한다면 필수코스로 추천한다., 제주특별자치도 제주시 구좌읍 구좌해안로 237, 126.736551213927, 33.5572081367731, , , https://api.cdn.visitjeju.net/photomng/imgpath/202007/10/8ff2d87d-5d07-4e2b-8918-9040604ec02b.jpg
정물오름, 정물오름의 명칭은 오름 앞에 있는 정물샘의 이름에서 따왔다. 제주도는 전국의 연평균 강수량에 비해 훨씬 많은 강수량에도 불구하고 마실 물이 귀했다. 중산간 지역에서 식수를 구하는 것은 더욱 어려워서 귀하게 여겼는데 정물샘이 그중 하나이다. 이 샘은 물이 깨끗하고 양이 많아 이곳에서 꽤 먼 곳의 중산간마을 사람들도 물을 길러다 마셨다고 한다.정물오름의 물은 사람뿐만 아니라 가축에게도 소중했는데 이 부근에 제주도에서 가장 유명한 이시돌목장이 자리 잡고 있다. 정상에 오르면 당오름과 정물오름과 함께 생명수를 공급했던 원물오름이 한 선상에 있고 평화로와 주변 도로들을 볼 수 있다. 이시돌목장 또한 눈에 들어오는데 계절의 변화에 따라 다른 풍경을 만들어 낸다. 풀이 파릇파릇한 넓은 목장에서 따스함과 여유가 느껴지는 말들의 움직임이 봄날의 기운을 전한다.대중교통을 이용하려면 제주시외버스터미널과 서귀포시외버스터미널에서 목적지 안내를 받은 후 이시돌목장에서 내려 성이시돌 젊음의 집 방향으로 10분 정도 걸으면 도착한다., 제주특별자치도 제주시 한림읍 산록남로 214-12, 126.33508912284, 33.3388411228927, , , http://postfiles12.naver.net/20151018_267/ejejucom_1445165552922CFPWp_JPEG/%C1%A4%B9%B0%BF%C0%B8%A7-01.jpg?type=w1
동해 논골담길 (등대 담화마을), 논골담길은 1941년 개항된 묵호항의 역사와 마을 사람들 삶의 이야기를 고스란히 간직한 감성스토리 마을로 동해문화원이 주관한 2010 어르신생활문화전승사업 묵호등대담화마을 ''논골담길''프로젝트를 시작으로 지역 어르신과 예술가들이 참여하여 현재의 모습을 갖추게 되었다.논골담길은 예쁘고 독특한 카페들이 많아 잠시 쉬었다 산책 중 잠시 쉬어가기에도 좋다., 강원도 동해시 일출로 97, 129.118317179691, 37.55216582195, , , http://tong.visitkorea.or.kr/cms/resource/94/1220494_image2_1.jpg
춘천 의암호 자전거길(물레길), 의암호를 둘러싼 물레길~공지천을 잇는 30km 구간 자전거길. 춘천의 또다른 호반의 도시인 만큼 시원한 호숫가를 따라 자전거를 타며 춘천 호수의 정취를 즐길 수 있다. 인근에 금병산, 춘천레포츠타운, 공지천 등 주변에 관광명소가 많아 일상의 스트레스를 털고 재충전할 수 있는 휴양지로 적합한 곳이다., 강원도 춘천시 스포츠타운길 113-1, 127.685767852106, 37.8549642918817, , 상시이용 가능, http://postfiles2.naver.net/MjAyMDA5MTVfMjU1/MDAxNjAwMTM1MjIyMTM3.oj1b6chF-SaidwCXzEIZkqVJMYhsYUXyfy2eY__pAe8g.pvEw8rtzcUkVOoipJDTj4CCy7vvRKE7iaCnOHDFNVIwg.JPEG.gimcheonnews/b1120e90-7cce-4374-a6a3-017ee08ce898.jpg?type=w773
이사부길(새천년해안도로), 동해안의 푸른 바다를 온몸으로 맞으며 달릴 수 있는 4.8㎞의 해안도로로 삼척해수욕장과 삼척항을 잇는 도로이다. 자연이 깎고 다듬은 기암괴석과 우거진 송림이 어우러져 멋진 경관을 연출한다. 바람이 세차게 불어오는 날이면 도로 위로 솟구칠 듯 파도가 몰아친다. 해안도로 중간에는 잠시 차를 주차하고 편안하게 해안 절경을 감상할 수 있는 쉼터가 마련되어 있다.(출처 : 강원도청), 강원도 삼척시 새천년도로 61-18, 129.187995436005, 37.4392415944205, , , https://k.kakaocdn.net/dn/4kAeT/btqOKZr5Aqt/XB4l3gUDQ9uL1OKAQRsKS0/img.jpg
오대호아트팩토리, 산업시대의 폐품을 활용한 테마파크로 기계시대의 도구, 기계의 원리와 역할을 이해하고, 직접 만지고, 만들고, 느끼는 오감체험 관광지이다. 오대호 작가의 작품 제작과정을 감상할 수 있며, 새로운 작품과 체험교구,기념품을 직접 생산하며 미래의 예술인재를 고용, 양성하는 장소(팩토리)다.[출처 : 오대호아트팩토리], 충청북도 충주시 앙성면 가곡로 1434, 127.794515539813, 37.0941900918302, , 화~일 : 10:00~17:30, https://img1.daumcdn.net/relay/cafe/original/?fname=https%3A%2F%2Fsupport.visitkorea.or.kr%2Fimg%2Fcall%3Fcmd%3DVIEW%26id%3D886c26c2-68c8-41b1-bebc-98fc1330443e
진천만뢰산 자연생태공원, 만뢰산자연생태공원은 생태연못, 자생수목원, 밀원식물원, 습생초지원, 열매나무원, 야생초화/허브원, 생태교육장, 곤충관찰원, 임간학습장 등을 설치하여 도심형 공원과는 차별회된 체험형 자연생태공원이다.* 문의 : 043-539-3448, 3458* 휴무일 : 연중무휴* 관련 홈페이지 : http://www.jincheon.go.kr/site/culture/main.do◎이용안내- 이용요금 : 무료- 화장실 : 있음(남녀구분)- 장애인 편의시설 : 장애인화장실 있음(남녀구분)- 주차시설 : 있음, 충청북도 진천군 진천읍 김유신길 340-38, 127.365720651417, 36.8499149287811, , , https://k.kakaocdn.net/dn/cy5dmL/btqC9OC0uvV/ZjKFBUO24owOK3JeVOztf1/img.jpg
갈론계곡, 계곡 인근에 갈씨 성을 가진 사람들이 많이 살았다고 해서 이름 붙여진 갈론계곡은 아홉 곳의 명소가 있다고 해서 갈론구곡이라 부르기도 한다. 골이 깊기로 소문난 괴산에서도 가장 깊은 곳이라 할 만큼 깊숙히 들어가 있는 계곡이어서 아직도 찾는 사람이 많지 않은 호젓한 계곡이다. 유리알같이 맑은 계곡이 곳곳에 비경을 만들고 있으며 물놀이하기에도 좋은 계곡이다. 갈론계곡이란 이름은 이 계곡 입구 마을에 갈 씨 성을 가진 사람들이 은거했다 하여 붙여진 이름이다. 갈론구곡의 구곡은 다음과 같다. 제1곡 갈은동문, 제2곡 갈천정, 제3곡 강선대, 제4곡 옥류벽, 제5곡 금병, 제6곡구암(거북바위), 제7곡인 고송유수재, 제8곡 칠학동천, 제9곡 선국암이다. 강선대, 칠학동천, 선국암 등 신선과 학의 이름이 자주 등장하는 것을 보아도 갈론계곡의 호젓한 아름다움을 짐작할 수 있다., 충청북도 괴산군 칠성면 비도1길 29, 127.876391858224, 36.791457372718, 없음, 연중개방, http://tong.visitkorea.or.kr/cms/resource/04/758404_image2_1.jpg
고복자연공원, 고복자연공원의 모태인 고복저수지는 면적 77만㎡의 대규모 농업용 저수지로 농업용수를 공급하기 위해 만들어졌으나, 가물치·붕어·잉어·메기 등 풍부한 어종이 살고 있어서, 주말이면 전국에서 ''붕어 손맛''을 보려는 많은 낚시꾼들이 몰려드는 유명한 낚시터이기도 하다. 공원 지정면적은 184만㎡이며 오봉산의 자연림, 동굴(용굴), 사찰(신흥사), 야외조각 전시장 등이 있다. 주변 마을에는 포도, 복숭아, 배를 재배하는 과수 단지가 조성되어 있다.공원변에 광장과 이화여대 미술대 강태성 교수가 조성한 야외조각공원이 있어 방문객들에게 또 하나의 볼거리를 제공해 주고 있다. 특히 야외수영장이 개장하는 여름방학시기에 많은 사람들이 찾아온다. 중간지점에 있는 ''민락정''에서 내려다보는 경관이 일품이며, 벚꽃 필 무렵의 고복자연공원은 아는 사람만 아는 숨겨진 명소이다.고복자연공원 주변에는 한방오리와 메기매운탕을 전문으로 하는 음식점 등이 산재해 있어 미식가들의 입맛을 돋워 준다., 세종특별자치시 연서면 도신고복로 586, 127.227438741956, 36.5999240508842, 없음, , https://t1.daumcdn.net/news/202007/07/NEWS1/20200707110750214ebbp.jpg
조천연꽃공원, 조천변 벚꽃길은 세종시 북부권의 젖줄인 조천을 따라 이어진다. 조천변 벚꽃길은 부용리 벚꽃길, 고복저수지 벚꽃길과 함께 세종시 3대 벚꽃길로 꼽히는 봄철의 명소지만 봄 이외의 계절에도 저마다의 매력을 갖고 있다. 특히, 여름철에는 벚나무가 제공하는 그늘과 조천을 따라 불어오는 시원한 바람, 조천연꽃공원의 연꽃이 어우러져 한 낮 산책도 부담스럽지 않다. 세종시 북부권의 젖줄답게 이 곳에는 조천과 얽힌 많은 이야기들이 지금까지 전해지고 있다. 전의면 다방리에서 발원해 미호천과 금강으로 유입되는 조천은 갈대와 억새풀이 무성하여 새들이 많이 모이는 곳이라는 뜻에서 ‘새내’, 한자로 ‘조천’이라고 부른데서 그 이름이 유래됐다고 전해진다. 또한 통일신라 초기인 673년 백제 유민인 혜명법사가 창건했다는 비암사와 고려시대 사기를 제작하던 ‘사기소’가 있고, 금이성, 운주산성 등 역사유적과 조천에 보를 쌓아 물길을 잡은 허만석 현감의 이야기 등도 흥미롭다. 이렇게 다양한 조천의 이야기들을 함께 걷는 사람과 나누며 걷는 것도 특별한 경험이 될 것이다., 세종특별자치시 조치원읍 번암리 226, 127.30028428824, 36.5856967812469, , 연중개방
* 가로등 점등시간
- 봄, 여름, 가을철 : 일몰 ~ 24시
- 겨울철 : 일몰 ~ 22시, https://k.kakaocdn.net/dn/bm9FHZ/btqF1S1FSjc/3kX9Cwcvy79Ck0Ol1dhO5k/img.jpg
운주산성, 일명 고산산성으로 백제시대의 유물이다. 전동면 미곡리, 청송리와 전의면 동교리, 신정리 경계 지점에 운주산(459.7m)이 솟아있다. 운주산성은 바로 이 운주산을 이용한 산성이다. 산성 서쪽 아래편으로는 경부고속 철길이 놓인다. 운주산성은 성의 둘레 3,210m, 폭 2m, 높이 2~8m의 웅장한 백제산성으로, 분지형의 산세와 수려한 풍치가 일품이다.성벽은 자연 지형을 최대한 이용하면서 축성되었는데, 북벽과 동벽은 운주산 정상에서 서쪽과 남쪽으로 뻗어내린 능선을 따라 이어졌으며 남벽은 산봉우리를 에워싸면서 축조되었고, 서벽은 서쪽으로 뻗어내린 능선을 가로지르면서 축성되었다. 따라서 북쪽은 해발고도가 높고 서남쪽이 낮은 지형으로 이루어져 있다.서문, 남문, 북문에서 문지(門址)가 확인되는데 붕괴되어 자세한 형상을 알 수 없다.성 안에는 성문과 건물터, 우물터 등이 남아 있는데, 정상부에는 기우제(祈雨祭)를 지낸 제단으로 보이는 원형 대지가 있다. 또 성 안에서는 백제 토기편과 기와편이 출토되었고, 고려시대와 조선시대의 자기편과 기와편도 발견되었다. 이 산성은 내성과 외성으로 이루어져 있어서 고대 산성 연구에 중요한 자료가 된다.운주산성은 서기 660년 백제가 멸망하고 풍왕과 복신, 도침장군을 선두로 일어났던 백제부흥 운동군의 최후의 구국항쟁지로 알려져 있다. 운주산 등산로 입구에 사찰(고산사)이 있으며 백제가 멸망한 매년 음력 9월 8일을 기해 토요일 백제 멸망기의 의자왕과 부흥기의 풍왕 그리고 백제부흥운동을 하다, 죽은 혼령을 위로하기 위해 고산제를 지내고 있다., 세종특별자치시 전동면 미곡리, 127.225681478536, 36.6745175282312, , , http://cfile252.uf.daum.net/image/152544124C2ACC6F28A8A6
웅도, 웅도는 본래 서산군 지곡면의 관할지역에 편입되어 있었는데 1914년 행정구역 개편시 웅도를 하나의 행정리로 독립시켜 우도리라 하여 서산군 대산면에 편입시켰다.이후 1991년 대산면은 읍으로 승격되었다. 웅도는 섬의 모양이 웅크리고 있는 곰과 같이 생겼다 해서 웅도 또는 곰섬이라 불리우고 있다. 가로림만 내해의 정중앙에 자리하고 있으면서 대산읍의 7개 도서 중 유일한 유인도서이다.웅도마을은 조수간만의 차에 따라 육지와 연결된 마을이 되기도,섬마을이 되기도 하여 시간에 따라 다양한 경관을 자랑하고 있다. 세계 5대 갯벌 중 하나인 가로림만을 중심으로 형성되어 있어 생태자원도 풍부하다. 웅도의 특산물로는 낙지, 바지락, 굴, 김 등이 있는데 6월 말에서 7월 초에 잡히는 낙지는 연하고 맛이 좋으며 바지락은 쌀뜨물 같이 희고 맛이 시원하며 해장국 감으로 으뜸이다., 충청남도 서산시 대산읍 웅도1길 92, 126.383211801014, 36.9194441662625, , 별도 규정 시간 없음
(단, 출입시 물때 확인 필요), http://postfiles13.naver.net/20140519_140/tour2000rr_1400492555427f9mji_JPEG/%BF%F5%B5%B51.jpg?type=w1
